,beta
0,4.772256e-01
1,4.533116e-01
2,4.457602e-01
3,4.385618e-01
4,4.347488e-01
5,4.275233e-01
6,4.255324e-01
7,4.177406e-01
8,4.086116e-01
9,3.978629e-01
10,3.865851e-01
11,3.732256e-01
12,3.712777e-01
13,3.678142e-01
14,3.605050e-01
15,3.550406e-01
16,3.494318e-01
17,3.444108e-01
18,3.409137e-01
19,3.407308e-01
20,3.305937e-01
21,3.215846e-01
22,3.141114e-01
23,3.068304e-01
24,2.982268e-01
25,2.950484e-01
26,2.876857e-01
27,2.867976e-01
28,2.833940e-01
29,2.786880e-01
30,2.707238e-01
31,2.669733e-01
32,2.619362e-01
33,2.588398e-01
34,2.549099e-01
35,2.483623e-01
36,2.423393e-01
37,2.348704e-01
38,2.283356e-01
39,2.166704e-01
40,2.249113e-01
41,2.263541e-01
42,2.240366e-01
43,2.233635e-01
44,2.165373e-01
45,2.104587e-01
46,2.082456e-01
47,2.135520e-01
48,2.167141e-01
49,2.284058e-01
50,2.326329e-01
51,2.235888e-01
52,2.295066e-01
53,2.389317e-01
54,2.504355e-01
55,2.593242e-01
56,2.673602e-01
57,2.489151e-01
58,2.250948e-01
59,2.230864e-01
60,2.242681e-01
61,2.216112e-01
62,2.223579e-01
63,2.282893e-01
64,2.318012e-01
65,2.229222e-01
66,2.254123e-01
67,2.238052e-01
68,2.277876e-01
69,2.289747e-01
70,2.306129e-01
71,2.205878e-01
72,2.272852e-01
73,2.371508e-01
74,2.285643e-01
75,2.231444e-01
76,2.046134e-01
77,2.103587e-01
78,1.926357e-01
79,1.978882e-01
80,2.113325e-01
81,2.168315e-01
82,2.239392e-01
83,2.385445e-01
84,2.338246e-01
85,2.390715e-01
86,2.477920e-01
87,2.394246e-01
88,2.429790e-01
89,2.300018e-01
90,2.406376e-01
91,2.513771e-01
92,2.525097e-01
93,2.471525e-01
94,2.548968e-01
95,2.603299e-01
96,2.633727e-01
97,2.561288e-01
98,2.594851e-01
99,2.674953e-01
100,2.615364e-01
101,2.615272e-01
102,2.611844e-01
103,2.637435e-01
104,2.623927e-01
105,2.508431e-01
106,2.513525e-01
107,2.449390e-01
108,2.423700e-01
109,2.346930e-01
110,2.260257e-01
111,2.293265e-01
112,2.202824e-01
113,2.292158e-01
114,2.432850e-01
115,2.406048e-01
116,2.458663e-01
117,2.336934e-01
118,2.362892e-01
119,2.424468e-01
120,2.430816e-01
121,2.434482e-01
122,2.462533e-01
123,2.579876e-01
124,2.584784e-01
125,2.658981e-01
126,2.785774e-01
127,2.975901e-01
128,3.044938e-01
129,3.128294e-01
130,3.174169e-01
131,3.294605e-01
132,3.130900e-01
133,3.015344e-01
134,2.984129e-01
135,2.995593e-01
136,2.869652e-01
137,2.832487e-01
138,2.740912e-01
139,2.667684e-01
140,2.559055e-01
141,2.452362e-01
142,2.414055e-01
143,2.370967e-01
144,2.378984e-01
145,2.327776e-01
146,2.234911e-01
147,2.238905e-01
148,2.262743e-01
149,2.303631e-01
150,2.292834e-01
151,2.270839e-01
152,2.142561e-01
153,2.110198e-01
154,2.158774e-01
155,2.193977e-01
156,2.222481e-01
157,2.252108e-01
158,2.231546e-01
159,2.227751e-01
160,2.151960e-01
161,2.255674e-01
162,2.182562e-01
163,2.117562e-01
164,2.316881e-01
165,2.581975e-01
166,2.869901e-01
167,3.049028e-01
168,3.076557e-01
169,3.037750e-01
170,3.141963e-01
171,3.146500e-01
172,3.173704e-01
173,3.409858e-01
174,3.597581e-01
175,3.817078e-01
176,3.983017e-01
177,4.000111e-01
178,4.077541e-01
179,4.160328e-01
180,4.168641e-01
181,4.189783e-01
182,4.147994e-01
183,3.907345e-01
184,3.803720e-01
185,3.570055e-01
186,3.468619e-01
187,3.288790e-01
188,3.103478e-01
189,2.985556e-01
190,2.907548e-01
191,2.814489e-01
192,2.680889e-01
193,2.647710e-01
194,2.428898e-01
195,2.259620e-01
196,2.283304e-01
197,2.270444e-01
198,2.312229e-01
199,2.326771e-01
200,2.367088e-01
201,2.372874e-01
202,2.395054e-01
203,2.381688e-01
204,2.402440e-01
205,2.361593e-01
206,2.329696e-01
207,2.438865e-01
208,2.491204e-01
209,2.668889e-01
210,2.842643e-01
211,3.009967e-01
212,3.123081e-01
213,3.188052e-01
214,3.264729e-01
215,3.336751e-01
216,3.364127e-01
217,3.448699e-01
218,3.555153e-01
219,3.676143e-01
220,3.755689e-01
221,3.846831e-01
222,3.954436e-01
223,4.018105e-01
224,4.081534e-01
225,4.141005e-01
226,4.190999e-01
227,4.233678e-01
228,4.297763e-01
229,4.376735e-01
230,4.440090e-01
231,4.490819e-01
232,4.540808e-01
233,4.590793e-01
234,4.657401e-01
235,4.716531e-01
236,4.753799e-01
237,4.810743e-01
238,4.848520e-01
239,4.866907e-01
240,4.911861e-01
241,4.937379e-01
242,4.976235e-01
243,5.024211e-01
244,5.047500e-01
245,5.083922e-01
246,5.105495e-01
247,5.078408e-01
248,5.082000e-01
249,5.070744e-01
250,5.103534e-01
251,5.116250e-01
252,5.107844e-01
253,5.106465e-01
254,5.110748e-01
255,5.133337e-01
256,5.180694e-01
257,5.188692e-01
258,5.202233e-01
259,5.194038e-01
260,5.189965e-01
261,5.194810e-01
262,5.199317e-01
263,5.204089e-01
264,5.235047e-01
265,5.259643e-01
266,5.290350e-01
267,5.335892e-01
268,5.345486e-01
269,5.377550e-01
270,5.388526e-01
271,5.376286e-01
272,5.387434e-01
273,5.383356e-01
274,5.405684e-01
275,5.422905e-01
276,5.426073e-01
277,5.454269e-01
278,5.453871e-01
279,5.454447e-01
280,5.418617e-01
281,5.432150e-01
282,5.463996e-01
283,5.454079e-01
284,5.472683e-01
285,5.482024e-01
286,5.464208e-01
287,5.481386e-01
288,5.496318e-01
289,5.521057e-01
290,5.558283e-01
291,5.577169e-01
292,5.574765e-01
293,5.590754e-01
294,5.609754e-01
295,5.578353e-01
296,5.545810e-01
297,5.538380e-01
298,5.553008e-01
299,5.556688e-01
300,5.561134e-01
301,5.553961e-01
302,5.511607e-01
303,5.527918e-01
304,5.531640e-01
305,5.537751e-01
306,5.562751e-01
307,5.597008e-01
308,5.595776e-01
309,5.602555e-01
310,5.601181e-01
311,5.499999e-01
312,5.518131e-01
313,5.522803e-01
314,5.527095e-01
315,5.519495e-01
316,5.499429e-01
317,5.467241e-01
318,5.479243e-01
319,5.485271e-01
320,5.500436e-01
321,5.513166e-01
322,5.526941e-01
323,5.485186e-01
324,5.490239e-01
325,5.510934e-01
326,5.539016e-01
327,5.541536e-01
328,5.558177e-01
329,5.576670e-01
330,5.585681e-01
331,5.563109e-01
332,5.570392e-01
333,5.559973e-01
334,5.512591e-01
335,5.504652e-01
336,5.505934e-01
337,5.503474e-01
338,5.527127e-01
339,5.552647e-01
340,5.563371e-01
341,5.566556e-01
342,5.570918e-01
343,5.586094e-01
344,5.589404e-01
345,5.611848e-01
346,5.612859e-01
347,5.625849e-01
348,5.628406e-01
349,5.640681e-01
350,5.657071e-01
351,5.652040e-01
352,5.660526e-01
353,5.638585e-01
354,5.613039e-01
355,5.586277e-01
356,5.587053e-01
357,5.605415e-01
358,5.626286e-01
359,5.602030e-01
360,5.608918e-01
361,5.579551e-01
362,5.582651e-01
363,5.550715e-01
364,5.535465e-01
365,5.529492e-01
366,5.548237e-01
367,5.569741e-01
368,5.570596e-01
369,5.505601e-01
370,5.435022e-01
371,5.379622e-01
372,5.193814e-01
373,5.148165e-01
374,5.144858e-01
375,5.150862e-01
376,5.169269e-01
377,5.195887e-01
378,5.215291e-01
379,5.238610e-01
380,5.272512e-01
381,5.272233e-01
382,5.276648e-01
383,5.289516e-01
384,5.287451e-01
385,5.292158e-01
386,5.307626e-01
387,5.329013e-01
388,5.357043e-01
389,5.366340e-01
390,5.373510e-01
391,5.378276e-01
392,5.403389e-01
393,5.431932e-01
394,5.401039e-01
395,5.413792e-01
396,5.428765e-01
397,5.443537e-01
398,5.398378e-01
399,5.410713e-01
400,5.354472e-01
401,5.366128e-01
402,5.369626e-01
403,5.393938e-01
404,5.386537e-01
405,5.362374e-01
406,5.373083e-01
407,5.394179e-01
408,5.373522e-01
409,5.354153e-01
410,5.326766e-01
411,5.361635e-01
412,5.379751e-01
413,5.403393e-01
414,5.428825e-01
415,5.446056e-01
416,5.465032e-01
417,5.481451e-01
418,5.502240e-01
419,5.512275e-01
420,5.516052e-01
421,5.519629e-01
422,5.506180e-01
423,5.500867e-01
424,5.515324e-01
425,5.538918e-01
426,5.539027e-01
427,5.558835e-01
428,5.573695e-01
429,5.582356e-01
430,5.585583e-01
431,5.599424e-01
432,5.569842e-01
433,5.531073e-01
434,5.470158e-01
435,5.441157e-01
436,5.436283e-01
437,5.468169e-01
438,5.468547e-01
439,5.475773e-01
440,5.482045e-01
441,5.502161e-01
442,5.529476e-01
443,5.551478e-01
444,5.575060e-01
445,5.513369e-01
446,5.482917e-01
447,5.449919e-01
448,5.457555e-01
449,5.479431e-01
450,5.495376e-01
451,5.507831e-01
452,5.532175e-01
453,5.542300e-01
454,5.511950e-01
455,5.531783e-01
456,5.414886e-01
457,5.381047e-01
458,5.373139e-01
459,5.382223e-01
460,5.406448e-01
461,5.421435e-01
462,5.438086e-01
463,5.460548e-01
464,5.472739e-01
465,5.475637e-01
466,5.443508e-01
467,5.420225e-01
468,5.416513e-01
469,5.389214e-01
470,5.389648e-01
471,5.393423e-01
472,5.405259e-01
473,5.412263e-01
474,5.411128e-01
475,5.424961e-01
476,5.441005e-01
477,5.464370e-01
478,5.492841e-01
479,5.517223e-01
480,5.527731e-01
481,5.545703e-01
482,5.552053e-01
483,5.508870e-01
484,5.458392e-01
485,5.490485e-01
486,5.516677e-01
487,5.533953e-01
488,5.531521e-01
489,5.506732e-01
490,5.510234e-01
491,5.529356e-01
492,5.553023e-01
493,5.578749e-01
494,5.601115e-01
495,5.623273e-01
496,5.612103e-01
497,5.624163e-01
498,5.629998e-01
499,5.643274e-01
500,5.660148e-01
501,5.662323e-01
502,5.609351e-01
503,5.457494e-01
504,5.474996e-01
505,5.508547e-01
506,5.519009e-01
507,5.539263e-01
508,5.561891e-01
509,5.575078e-01
510,5.592225e-01
511,5.576332e-01
512,5.543803e-01
513,5.523494e-01
514,5.529003e-01
515,5.551180e-01
516,5.573620e-01
517,5.591395e-01
518,5.607846e-01
519,5.622461e-01
520,5.590448e-01
521,5.563108e-01
522,5.580634e-01
523,5.525062e-01
524,5.545233e-01
525,5.567505e-01
526,5.582395e-01
527,5.603359e-01
528,5.617557e-01
529,5.624151e-01
530,5.636538e-01
531,5.617574e-01
532,5.612770e-01
533,5.605101e-01
534,5.610052e-01
535,5.622623e-01
536,5.635101e-01
537,5.616358e-01
538,5.613225e-01
539,5.582601e-01
540,5.604029e-01
541,5.576888e-01
542,5.594008e-01
543,5.604246e-01
544,5.612009e-01
545,5.620161e-01
546,5.628929e-01
547,5.639761e-01
548,5.652124e-01
549,5.664328e-01
550,5.676622e-01
551,5.688753e-01
552,5.698283e-01
553,5.709553e-01
554,5.720050e-01
555,5.731396e-01
556,5.742001e-01
557,5.752664e-01
558,5.760561e-01
559,5.770310e-01
560,5.778412e-01
561,5.787511e-01
562,5.792678e-01
563,5.799421e-01
564,5.805223e-01
565,5.812041e-01
566,5.818703e-01
567,5.829778e-01
568,5.840062e-01
569,5.850508e-01
570,5.860820e-01
571,5.862949e-01
572,5.866218e-01
573,5.874212e-01
574,5.859159e-01
575,5.853121e-01
576,5.858684e-01
577,5.864687e-01
578,5.871027e-01
579,5.876396e-01
580,5.883905e-01
581,5.894036e-01
582,5.900218e-01
583,5.905765e-01
584,5.906795e-01
585,5.905898e-01
586,5.903166e-01
587,5.900736e-01
588,5.901160e-01
589,5.899102e-01
590,5.903191e-01
591,5.904604e-01
592,5.912040e-01
593,5.915741e-01
594,5.911792e-01
595,5.883604e-01
596,5.878861e-01
597,5.888738e-01
598,5.883198e-01
599,5.873471e-01
600,5.879992e-01
601,5.879841e-01
602,5.880883e-01
603,5.885310e-01
604,5.891103e-01
605,5.897319e-01
606,5.904322e-01
607,5.909058e-01
608,5.915602e-01
609,5.923666e-01
610,5.933438e-01
611,5.916721e-01
612,5.890927e-01
613,5.886836e-01
614,5.886952e-01
615,5.889045e-01
616,5.891041e-01
617,5.895748e-01
618,5.901368e-01
619,5.906658e-01
620,5.912334e-01
621,5.919430e-01
622,5.918810e-01
623,5.883005e-01
624,5.872377e-01
625,5.846923e-01
626,5.850937e-01
627,5.854944e-01
628,5.859466e-01
629,5.866136e-01
630,5.872277e-01
631,5.860802e-01
632,5.854123e-01
633,5.863975e-01
634,5.871372e-01
635,5.876422e-01
636,5.882267e-01
637,5.886660e-01
638,5.894101e-01
639,5.887234e-01
640,5.870448e-01
641,5.862362e-01
642,5.865012e-01
643,5.867723e-01
644,5.871825e-01
645,5.876797e-01
646,5.880889e-01
647,5.889650e-01
648,5.882275e-01
649,5.883475e-01
650,5.884600e-01
651,5.887970e-01
652,5.892680e-01
653,5.897500e-01
654,5.904575e-01
655,5.908850e-01
656,5.889892e-01
657,5.884061e-01
658,5.861889e-01
659,5.832551e-01
660,5.821725e-01
661,5.823673e-01
662,5.828237e-01
663,5.836152e-01
664,5.844813e-01
665,5.847635e-01
666,5.853054e-01
667,5.858132e-01
668,5.864911e-01
669,5.872466e-01
670,5.879290e-01
671,5.883714e-01
672,5.887844e-01
673,5.888247e-01
674,5.893434e-01
675,5.898713e-01
676,5.905585e-01
677,5.911410e-01
678,5.915665e-01
679,5.916744e-01
680,5.909264e-01
681,5.910101e-01
682,5.887607e-01
683,5.882998e-01
684,5.877208e-01
685,5.884848e-01
686,5.870048e-01
687,5.834265e-01
688,5.846392e-01
689,5.821244e-01
690,5.812553e-01
691,5.816349e-01
692,5.819229e-01
693,5.820856e-01
694,5.818902e-01
695,5.829850e-01
696,5.813329e-01
697,5.810083e-01
698,5.816466e-01
699,5.811241e-01
700,5.800286e-01
701,5.791404e-01
702,5.782069e-01
703,5.785800e-01
704,5.795494e-01
705,5.792217e-01
706,5.771011e-01
707,5.781857e-01
708,5.789731e-01
709,5.798069e-01
710,5.803990e-01
711,5.812431e-01
712,5.819426e-01
713,5.826652e-01
714,5.832295e-01
715,5.839126e-01
716,5.843247e-01
717,5.850793e-01
718,5.849261e-01
719,5.853570e-01
720,5.851141e-01
721,5.841346e-01
722,5.847169e-01
723,5.839905e-01
724,5.841941e-01
725,5.846641e-01
726,5.853930e-01
727,5.860125e-01
728,5.868257e-01
729,5.867295e-01
730,5.864400e-01
731,5.862869e-01
732,5.839316e-01
733,5.851774e-01
734,5.853523e-01
735,5.847071e-01
736,5.830444e-01
737,5.815036e-01
738,5.813222e-01
739,5.814292e-01
740,5.816675e-01
741,5.820087e-01
742,5.824025e-01
743,5.827690e-01
744,5.831851e-01
745,5.836270e-01
746,5.839908e-01
747,5.844193e-01
748,5.848745e-01
749,5.853149e-01
750,5.857750e-01
751,5.862355e-01
752,5.867102e-01
753,5.871612e-01
754,5.876129e-01
755,5.881259e-01
756,5.886181e-01
757,5.890330e-01
758,5.892487e-01
759,5.896766e-01
760,5.898224e-01
761,5.900115e-01
762,5.903144e-01
763,5.907841e-01
764,5.910680e-01
765,5.913115e-01
766,5.916734e-01
767,5.921318e-01
768,5.922188e-01
769,5.927675e-01
770,5.931869e-01
771,5.934942e-01
772,5.939046e-01
773,5.942540e-01
774,5.944089e-01
775,5.951223e-01
776,5.947968e-01
777,5.948572e-01
778,5.949832e-01
779,5.949090e-01
780,5.950995e-01
781,5.952215e-01
782,5.953267e-01
783,5.954479e-01
784,5.950777e-01
785,5.953296e-01
786,5.954131e-01
787,5.952416e-01
788,5.939559e-01
789,5.925480e-01
790,5.920773e-01
791,5.922413e-01
792,5.924422e-01
793,5.923912e-01
794,5.927430e-01
795,5.931112e-01
796,5.934026e-01
797,5.936763e-01
798,5.939820e-01
799,5.939473e-01
800,5.940781e-01
801,5.942522e-01
802,5.944465e-01
803,5.947017e-01
804,5.949613e-01
805,5.952355e-01
806,5.952669e-01
807,5.956161e-01
808,5.946088e-01
809,5.937253e-01
810,5.939677e-01
811,5.940927e-01
812,5.943747e-01
813,5.944098e-01
814,5.945879e-01
815,5.947930e-01
816,5.950206e-01
817,5.953209e-01
818,5.951295e-01
819,5.953261e-01
820,5.941373e-01
821,5.939170e-01
822,5.939187e-01
823,5.939465e-01
824,5.940616e-01
825,5.942444e-01
826,5.944380e-01
827,5.946581e-01
828,5.948553e-01
829,5.950456e-01
830,5.952229e-01
831,5.953974e-01
832,5.955362e-01
833,5.957883e-01
834,5.960106e-01
835,5.962607e-01
836,5.964067e-01
837,5.965822e-01
838,5.967447e-01
839,5.969004e-01
840,5.970607e-01
841,5.971330e-01
842,5.956571e-01
843,5.947640e-01
844,5.947127e-01
845,5.947826e-01
846,5.949328e-01
847,5.951520e-01
848,5.953683e-01
849,5.956059e-01
850,5.958267e-01
851,5.960379e-01
852,5.962326e-01
853,5.964565e-01
854,5.966829e-01
855,5.969158e-01
856,5.971051e-01
857,5.972294e-01
858,5.973987e-01
859,5.975421e-01
860,5.976611e-01
861,5.977625e-01
862,5.978132e-01
863,5.979936e-01
864,5.980907e-01
865,5.979267e-01
866,5.979763e-01
867,5.971247e-01
868,5.978613e-01
869,5.974043e-01
870,5.971438e-01
871,5.961113e-01
872,5.955224e-01
873,5.947803e-01
874,5.949571e-01
875,5.951422e-01
876,5.954579e-01
877,5.956068e-01
878,5.959589e-01
879,5.960770e-01
880,5.963806e-01
881,5.966749e-01
882,5.967914e-01
883,5.969533e-01
884,5.970596e-01
885,5.972580e-01
886,5.970106e-01
887,5.966043e-01
888,5.966522e-01
889,5.963640e-01
890,5.963314e-01
891,5.966105e-01
892,5.968373e-01
893,5.968459e-01
894,5.966952e-01
895,5.965645e-01
896,5.959604e-01
897,5.959247e-01
898,5.959042e-01
899,5.959970e-01
900,5.961617e-01
901,5.961923e-01
902,5.962101e-01
903,5.963572e-01
904,5.965700e-01
905,5.965984e-01
906,5.969402e-01
907,5.968599e-01
908,5.962465e-01
909,5.951800e-01
910,5.938523e-01
911,5.928103e-01
912,5.934842e-01
913,5.934996e-01
914,5.939394e-01
915,5.944189e-01
916,5.947155e-01
917,5.948491e-01
918,5.951764e-01
919,5.954355e-01
920,5.955307e-01
921,5.957041e-01
922,5.955233e-01
923,5.957902e-01
924,5.958955e-01
925,5.964536e-01
926,5.967610e-01
927,5.967311e-01
928,5.965111e-01
929,5.959600e-01
930,5.959733e-01
931,5.964014e-01
932,5.966889e-01
933,5.968158e-01
934,5.969214e-01
935,5.970548e-01
936,5.972582e-01
937,5.973195e-01
938,5.975392e-01
939,5.977215e-01
940,5.980241e-01
941,5.981429e-01
942,5.983292e-01
943,5.986926e-01
944,5.989407e-01
945,5.991297e-01
946,5.992472e-01
947,5.993714e-01
948,5.990168e-01
949,5.986207e-01
950,5.985922e-01
951,5.985581e-01
952,5.980928e-01
953,5.984265e-01
954,5.957269e-01
955,5.957082e-01
956,5.955581e-01
957,5.954820e-01
958,5.954737e-01
959,5.954772e-01
960,5.955282e-01
961,5.956082e-01
962,5.956994e-01
963,5.957929e-01
964,5.958803e-01
965,5.959741e-01
966,5.960631e-01
967,5.961648e-01
968,5.962600e-01
969,5.963613e-01
970,5.964636e-01
971,5.965661e-01
972,5.966697e-01
973,5.967742e-01
974,5.968866e-01
975,5.969892e-01
976,5.971013e-01
977,5.972217e-01
978,5.972910e-01
979,5.973981e-01
980,5.975065e-01
981,5.976086e-01
982,5.977015e-01
983,5.977761e-01
984,5.978699e-01
985,5.979488e-01
986,5.980265e-01
987,5.980887e-01
988,5.982436e-01
989,5.983148e-01
990,5.982924e-01
991,5.984296e-01
992,5.983803e-01
993,5.978655e-01
994,5.977408e-01
995,5.975322e-01
996,5.975811e-01
997,5.973535e-01
998,5.970536e-01
999,5.968587e-01
1000,5.972039e-01
1001,5.974743e-01
1002,5.976377e-01
1003,5.977286e-01
1004,5.977759e-01
1005,5.978115e-01
1006,5.978872e-01
1007,5.978994e-01
1008,5.979995e-01
1009,5.980561e-01
1010,5.980647e-01
1011,5.983025e-01
1012,5.984011e-01
1013,5.984429e-01
1014,5.984372e-01
1015,5.977442e-01
1016,5.981328e-01
1017,5.981392e-01
1018,5.982744e-01
1019,5.984177e-01
1020,5.985047e-01
1021,5.984588e-01
1022,5.984771e-01
1023,5.984815e-01
1024,5.984938e-01
1025,5.985674e-01
1026,5.986111e-01
1027,5.986667e-01
1028,5.987190e-01
1029,5.987762e-01
1030,5.987228e-01
1031,5.987023e-01
1032,5.986411e-01
1033,5.983258e-01
1034,5.980058e-01
1035,5.981850e-01
1036,5.983641e-01
1037,5.982755e-01
1038,5.984782e-01
1039,5.984015e-01
1040,5.984183e-01
1041,5.981206e-01
1042,5.979502e-01
1043,5.980848e-01
1044,5.982072e-01
1045,5.983121e-01
1046,5.984029e-01
1047,5.985052e-01
1048,5.985178e-01
1049,5.985554e-01
1050,5.985658e-01
1051,5.985943e-01
1052,5.986192e-01
1053,5.986898e-01
1054,5.987391e-01
1055,5.987995e-01
1056,5.988447e-01
1057,5.988967e-01
1058,5.989391e-01
1059,5.989817e-01
1060,5.990118e-01
1061,5.990592e-01
1062,5.990783e-01
1063,5.992131e-01
1064,5.992049e-01
1065,5.989602e-01
1066,5.985845e-01
1067,5.981098e-01
1068,5.976406e-01
1069,5.973331e-01
1070,5.972860e-01
1071,5.973048e-01
1072,5.973826e-01
1073,5.974560e-01
1074,5.975568e-01
1075,5.976477e-01
1076,5.977461e-01
1077,5.978726e-01
1078,5.979049e-01
1079,5.979535e-01
1080,5.979983e-01
1081,5.980443e-01
1082,5.980887e-01
1083,5.981275e-01
1084,5.981647e-01
1085,5.982124e-01
1086,5.982494e-01
1087,5.982929e-01
1088,5.983391e-01
1089,5.983804e-01
1090,5.984212e-01
1091,5.984607e-01
1092,5.985054e-01
1093,5.985525e-01
1094,5.985947e-01
1095,5.986429e-01
1096,5.986862e-01
1097,5.987309e-01
1098,5.987772e-01
1099,5.988111e-01
1100,5.988526e-01
1101,5.988949e-01
1102,5.989481e-01
1103,5.989932e-01
1104,5.990427e-01
1105,5.990646e-01
1106,5.990969e-01
1107,5.991363e-01
1108,5.991958e-01
1109,5.992235e-01
1110,5.992653e-01
1111,5.992904e-01
1112,5.993664e-01
1113,5.993305e-01
1114,5.993591e-01
1115,5.994058e-01
1116,5.994341e-01
1117,5.994611e-01
1118,5.994902e-01
1119,5.995150e-01
1120,5.997275e-01
1121,5.996009e-01
1122,5.995315e-01
1123,5.995525e-01
1124,5.995408e-01
1125,5.995409e-01
1126,5.995560e-01
1127,5.995756e-01
1128,5.995876e-01
1129,5.996104e-01
1130,5.996282e-01
1131,5.996480e-01
1132,5.996578e-01
1133,5.996736e-01
1134,5.997143e-01
1135,5.997263e-01
1136,5.997602e-01
1137,5.997561e-01
1138,5.998005e-01
1139,5.996689e-01
1140,5.997318e-01
1141,5.997431e-01
1142,5.998454e-01
1143,5.999182e-01
1144,6.000413e-01
1145,6.000997e-01
1146,6.001962e-01
1147,6.002249e-01
1148,6.002402e-01
1149,6.002123e-01
1150,6.001666e-01
1151,6.001469e-01
1152,6.001539e-01
1153,6.002128e-01
1154,6.003458e-01
1155,6.004102e-01
1156,6.005660e-01
1157,6.005319e-01
1158,6.005347e-01
1159,6.005541e-01
1160,6.005611e-01
1161,6.005321e-01
1162,6.005495e-01
1163,6.005592e-01
1164,6.006041e-01
1165,6.005941e-01
1166,6.005573e-01
1167,6.005353e-01
1168,6.004514e-01
1169,6.004550e-01
1170,6.004738e-01
1171,6.004579e-01
1172,6.004071e-01
1173,6.003719e-01
1174,6.003613e-01
1175,6.004035e-01
1176,6.003117e-01
1177,6.004079e-01
1178,6.003103e-01
1179,6.003191e-01
1180,6.001377e-01
1181,6.001175e-01
1182,6.001192e-01
1183,6.000224e-01
1184,5.999780e-01
1185,5.999909e-01
1186,5.999891e-01
1187,5.999849e-01
1188,5.999812e-01
1189,5.999902e-01
1190,6.000157e-01
1191,6.000637e-01
1192,6.001050e-01
1193,6.000993e-01
1194,6.000152e-01
1195,5.999503e-01
1196,5.998879e-01
1197,5.999073e-01
1198,5.999408e-01
1199,5.999287e-01
1200,5.999383e-01
1201,5.999274e-01
1202,5.999277e-01
1203,5.999206e-01
1204,5.999345e-01
1205,5.999330e-01
1206,5.999448e-01
1207,5.999374e-01
1208,5.999584e-01
1209,5.999742e-01
1210,5.999864e-01
1211,5.999887e-01
1212,5.999982e-01
1213,5.999992e-01
1214,6.000225e-01
1215,6.001105e-01
1216,6.001986e-01
1217,6.002963e-01
1218,6.003376e-01
1219,6.003602e-01
1220,6.003894e-01
1221,6.003926e-01
1222,6.004058e-01
1223,6.004152e-01
1224,6.004223e-01
1225,6.004229e-01
1226,6.004214e-01
1227,6.004217e-01
1228,6.004078e-01
1229,6.003965e-01
1230,6.004024e-01
1231,6.004090e-01
1232,6.004069e-01
1233,6.003985e-01
1234,6.003731e-01
1235,6.003644e-01
1236,6.003339e-01
1237,6.003393e-01
1238,6.003210e-01
1239,6.003231e-01
1240,6.002985e-01
1241,6.002820e-01
1242,6.003076e-01
1243,6.003042e-01
1244,6.003395e-01
1245,6.002858e-01
1246,6.002222e-01
1247,6.002114e-01
1248,6.001821e-01
1249,6.001400e-01
1250,6.002034e-01
1251,6.001226e-01
1252,6.000552e-01
1253,6.000432e-01
1254,6.000057e-01
1255,6.000149e-01
1256,6.000256e-01
1257,6.000497e-01
1258,6.000401e-01
1259,6.001168e-01
1260,6.000989e-01
1261,6.001443e-01
1262,6.002064e-01
1263,6.002480e-01
1264,6.002781e-01
1265,6.002903e-01
1266,6.002950e-01
1267,6.002963e-01
1268,6.002894e-01
1269,6.002903e-01
1270,6.003061e-01
1271,6.002809e-01
1272,6.002669e-01
1273,6.002602e-01
1274,6.002431e-01
1275,6.002308e-01
1276,6.001119e-01
1277,5.999978e-01
1278,5.999163e-01
1279,5.998191e-01
1280,5.997875e-01
1281,5.997525e-01
1282,5.997750e-01
1283,5.997987e-01
1284,5.998175e-01
1285,5.998115e-01
1286,5.998240e-01
1287,5.998307e-01
1288,5.998698e-01
1289,5.998692e-01
1290,5.999005e-01
1291,5.998604e-01
1292,5.998570e-01
1293,5.998649e-01
1294,5.999147e-01
1295,5.998487e-01
1296,6.000047e-01
1297,6.000253e-01
1298,6.000194e-01
1299,6.000158e-01
1300,6.000432e-01
1301,5.999534e-01
1302,6.000544e-01
1303,6.000962e-01
1304,6.000703e-01
1305,6.000742e-01
1306,6.000583e-01
1307,6.000605e-01
1308,6.000656e-01
1309,6.000849e-01
1310,6.001077e-01
1311,6.001750e-01
1312,6.001917e-01
1313,6.001223e-01
1314,6.001210e-01
1315,6.001205e-01
1316,6.001124e-01
1317,6.001158e-01
1318,6.001133e-01
1319,6.001166e-01
1320,6.001193e-01
1321,6.001193e-01
1322,6.001207e-01
1323,6.001226e-01
1324,6.001215e-01
1325,6.001294e-01
1326,6.001370e-01
1327,6.001521e-01
1328,6.001489e-01
1329,6.001493e-01
1330,6.001503e-01
1331,6.001551e-01
1332,6.001454e-01
1333,6.001428e-01
1334,6.001437e-01
1335,6.001401e-01
1336,6.001601e-01
1337,6.001861e-01
1338,6.000677e-01
1339,6.000566e-01
1340,6.000636e-01
1341,6.000807e-01
1342,6.000781e-01
1343,6.000761e-01
1344,6.000739e-01
1345,6.000606e-01
1346,6.000743e-01
1347,6.000767e-01
1348,6.000821e-01
1349,6.000859e-01
1350,6.000698e-01
1351,6.000840e-01
1352,6.000635e-01
1353,6.000544e-01
1354,6.000483e-01
1355,6.000345e-01
1356,6.000129e-01
1357,6.000280e-01
1358,6.000083e-01
1359,6.000605e-01
1360,6.000608e-01
1361,5.999705e-01
1362,5.999485e-01
1363,5.999154e-01
1364,5.999576e-01
1365,5.999818e-01
1366,5.999727e-01
1367,5.999520e-01
1368,5.999135e-01
1369,5.999317e-01
1370,5.999225e-01
1371,5.999263e-01
1372,5.999348e-01
1373,5.999402e-01
1374,5.999506e-01
1375,5.999545e-01
1376,5.999622e-01
1377,5.999732e-01
1378,5.999935e-01
1379,6.000293e-01
1380,6.000367e-01
1381,6.000422e-01
1382,6.000436e-01
1383,6.000249e-01
1384,6.000118e-01
1385,6.000134e-01
1386,6.000233e-01
1387,6.000680e-01
1388,6.000817e-01
1389,6.000964e-01
1390,6.000898e-01
1391,6.000610e-01
1392,6.000453e-01
1393,6.000377e-01
1394,6.000249e-01
1395,6.000261e-01
1396,6.000084e-01
1397,6.000120e-01
1398,6.000047e-01
1399,6.000100e-01
1400,6.000084e-01
1401,6.000060e-01
1402,5.999991e-01
1403,6.000080e-01
1404,5.999891e-01
1405,6.000544e-01
1406,5.999820e-01
1407,5.999995e-01
1408,6.000314e-01
1409,6.000507e-01
1410,6.000804e-01
1411,6.000899e-01
1412,6.000921e-01
1413,6.000952e-01
1414,6.000954e-01
1415,6.000937e-01
1416,6.001016e-01
1417,6.001049e-01
1418,6.001019e-01
1419,6.001004e-01
1420,6.001091e-01
1421,6.001177e-01
1422,6.001116e-01
1423,6.001139e-01
1424,6.000962e-01
1425,6.000974e-01
1426,6.001046e-01
1427,6.000907e-01
1428,6.000922e-01
1429,6.000772e-01
1430,6.000692e-01
1431,6.000962e-01
1432,6.001568e-01
1433,6.002436e-01
1434,6.002755e-01
1435,6.002498e-01
1436,6.002289e-01
1437,6.002210e-01
1438,6.002426e-01
1439,6.002429e-01
1440,6.002404e-01
1441,6.002488e-01
1442,6.002350e-01
1443,6.002195e-01
1444,6.002088e-01
1445,6.002080e-01
1446,6.002085e-01
1447,6.002174e-01
1448,6.001680e-01
1449,6.001484e-01
1450,6.001301e-01
1451,6.001220e-01
1452,6.001293e-01
1453,6.001369e-01
1454,6.001310e-01
1455,6.001278e-01
1456,6.001340e-01
1457,6.001030e-01
1458,6.000808e-01
1459,6.000426e-01
1460,6.000331e-01
1461,6.000359e-01
1462,6.000620e-01
1463,6.000687e-01
1464,6.000867e-01
1465,6.000642e-01
1466,6.000664e-01
1467,6.000620e-01
1468,6.000740e-01
1469,6.000755e-01
1470,6.000578e-01
1471,6.000550e-01
1472,6.000656e-01
1473,6.000483e-01
1474,6.000918e-01
1475,6.000927e-01
1476,6.001105e-01
1477,6.001167e-01
1478,6.001112e-01
1479,6.001256e-01
1480,6.001289e-01
1481,6.001422e-01
1482,6.001452e-01
1483,6.001552e-01
1484,6.002056e-01
1485,6.002169e-01
1486,6.002153e-01
1487,6.001925e-01
1488,6.002083e-01
1489,6.002091e-01
1490,6.002537e-01
1491,6.002757e-01
1492,6.002727e-01
1493,6.002707e-01
1494,6.002800e-01
1495,6.002838e-01
1496,6.002636e-01
1497,6.002687e-01
1498,6.002221e-01
1499,6.001457e-01
1500,6.001522e-01
1501,6.001747e-01
1502,6.001490e-01
1503,6.001452e-01
1504,6.001507e-01
1505,6.001518e-01
1506,6.001481e-01
1507,6.001413e-01
1508,6.001346e-01
1509,6.001273e-01
1510,6.001204e-01
1511,6.001195e-01
1512,6.001132e-01
1513,6.000265e-01
1514,6.000403e-01
1515,6.000700e-01
1516,6.000940e-01
1517,6.001112e-01
1518,6.001255e-01
1519,6.001303e-01
1520,6.001276e-01
1521,6.001281e-01
1522,6.001326e-01
1523,6.001361e-01
1524,6.001408e-01
1525,6.001403e-01
1526,6.001478e-01
1527,6.001537e-01
1528,6.001580e-01
1529,6.001643e-01
1530,6.001517e-01
1531,6.001507e-01
1532,6.001523e-01
1533,6.001605e-01
1534,6.001566e-01
1535,6.001570e-01
1536,6.001521e-01
1537,6.001503e-01
1538,6.001449e-01
1539,6.001381e-01
1540,6.001323e-01
1541,6.001565e-01
1542,6.001781e-01
1543,6.001816e-01
1544,6.001974e-01
1545,6.002012e-01
1546,6.001936e-01
1547,6.001985e-01
1548,6.001456e-01
1549,6.001266e-01
1550,6.000209e-01
1551,5.999622e-01
1552,5.999451e-01
1553,5.999522e-01
1554,5.999525e-01
1555,5.999658e-01
1556,5.999659e-01
1557,5.999746e-01
1558,5.999783e-01
1559,6.000640e-01
1560,5.999991e-01
1561,6.000522e-01
1562,6.000925e-01
1563,6.001010e-01
1564,6.001057e-01
1565,6.001006e-01
1566,6.001077e-01
1567,6.001092e-01
1568,6.001160e-01
1569,6.001301e-01
1570,6.001149e-01
1571,6.001146e-01
1572,6.001108e-01
1573,6.001145e-01
1574,6.001457e-01
1575,6.000911e-01
1576,6.000684e-01
1577,6.000860e-01
1578,6.000738e-01
1579,6.000463e-01
1580,6.000111e-01
1581,5.999803e-01
1582,5.999632e-01
1583,5.999763e-01
1584,5.999732e-01
1585,5.999686e-01
1586,6.000035e-01
1587,6.000128e-01
1588,6.000109e-01
1589,6.000196e-01
1590,6.000321e-01
1591,6.000525e-01
1592,6.000501e-01
1593,6.000459e-01
1594,6.000280e-01
1595,6.000146e-01
1596,5.999874e-01
1597,5.999055e-01
1598,5.998974e-01
1599,5.999161e-01
1600,5.999054e-01
1601,5.999022e-01
1602,5.999119e-01
1603,5.999147e-01
1604,5.999339e-01
1605,5.999222e-01
1606,5.999547e-01
1607,5.999824e-01
1608,5.999767e-01
1609,5.999679e-01
1610,5.999801e-01
1611,5.999331e-01
1612,5.999207e-01
1613,5.999269e-01
1614,5.999461e-01
1615,5.999582e-01
1616,5.999734e-01
1617,5.999817e-01
1618,5.999922e-01
1619,5.999925e-01
1620,5.999873e-01
1621,6.000639e-01
1622,6.001015e-01
1623,6.000692e-01
1624,6.000654e-01
1625,6.000403e-01
1626,6.000544e-01
1627,6.001032e-01
1628,6.000944e-01
1629,6.000952e-01
1630,6.000887e-01
1631,6.000982e-01
1632,6.000879e-01
1633,6.000877e-01
1634,6.000851e-01
1635,6.000874e-01
1636,6.000913e-01
1637,6.000953e-01
1638,6.000907e-01
1639,6.000921e-01
1640,6.000964e-01
1641,6.000859e-01
1642,6.000862e-01
1643,6.001040e-01
1644,6.001155e-01
1645,6.001226e-01
1646,6.001098e-01
1647,6.001144e-01
1648,6.002054e-01
1649,6.002212e-01
1650,6.002837e-01
1651,6.003276e-01
1652,6.003501e-01
1653,6.003621e-01
1654,6.003731e-01
1655,6.003657e-01
1656,6.003730e-01
1657,6.003715e-01
1658,6.003751e-01
1659,6.003774e-01
1660,6.003838e-01
1661,6.003799e-01
1662,6.003821e-01
1663,6.003882e-01
1664,6.003850e-01
1665,6.003738e-01
1666,6.003683e-01
1667,6.003613e-01
1668,6.003805e-01
1669,6.003749e-01
1670,6.003512e-01
1671,6.002600e-01
1672,6.001483e-01
1673,6.000778e-01
1674,6.000350e-01
1675,6.000226e-01
1676,6.000284e-01
1677,6.000316e-01
1678,6.000406e-01
1679,6.000333e-01
1680,6.000395e-01
1681,6.000553e-01
1682,6.000531e-01
1683,6.000513e-01
1684,6.000636e-01
1685,6.000798e-01
1686,6.000866e-01
1687,6.001046e-01
1688,6.001135e-01
1689,6.001684e-01
1690,6.002083e-01
1691,6.002125e-01
1692,6.001843e-01
1693,6.001541e-01
1694,6.001154e-01
1695,6.001287e-01
1696,6.000942e-01
1697,6.000161e-01
1698,6.000487e-01
1699,6.000378e-01
1700,6.000497e-01
1701,6.000389e-01
1702,6.000366e-01
1703,6.000323e-01
1704,6.000358e-01
1705,6.000441e-01
1706,6.000348e-01
1707,6.000431e-01
1708,6.000541e-01
1709,6.000559e-01
1710,6.000692e-01
1711,6.000427e-01
1712,6.000488e-01
1713,6.000382e-01
1714,6.000172e-01
1715,6.000273e-01
1716,6.000416e-01
1717,6.000255e-01
1718,6.000445e-01
1719,6.000308e-01
1720,5.999836e-01
1721,5.999736e-01
1722,5.999820e-01
1723,6.000431e-01
1724,6.000604e-01
1725,6.000781e-01
1726,6.000842e-01
1727,6.000834e-01
1728,6.000929e-01
1729,6.000926e-01
1730,6.000862e-01
1731,6.000770e-01
1732,6.000846e-01
1733,6.001085e-01
1734,6.000936e-01
1735,6.000714e-01
1736,6.000555e-01
1737,6.000586e-01
1738,6.000516e-01
1739,6.000553e-01
1740,6.000146e-01
1741,6.000498e-01
1742,6.000298e-01
1743,6.000570e-01
1744,6.000450e-01
1745,6.000639e-01
1746,6.000863e-01
1747,6.000948e-01
1748,6.000954e-01
1749,6.000929e-01
1750,6.000851e-01
1751,6.000788e-01
1752,6.000864e-01
1753,6.001122e-01
1754,6.001794e-01
1755,6.002014e-01
1756,6.002215e-01
1757,6.002286e-01
1758,6.002294e-01
1759,6.002192e-01
1760,6.001983e-01
1761,6.001276e-01
1762,6.000875e-01
1763,6.000641e-01
1764,6.000627e-01
1765,6.000606e-01
1766,6.000788e-01
1767,6.000893e-01
1768,6.000984e-01
1769,6.000940e-01
1770,6.001363e-01
1771,6.000994e-01
1772,6.000963e-01
1773,6.001012e-01
1774,6.001065e-01
1775,6.001157e-01
1776,6.001207e-01
1777,6.001254e-01
1778,6.001268e-01
1779,6.001294e-01
1780,6.001376e-01
1781,6.001403e-01
1782,6.001378e-01
1783,6.001319e-01
1784,6.001229e-01
1785,6.001234e-01
1786,6.001053e-01
1787,6.001077e-01
1788,6.001142e-01
1789,6.001156e-01
1790,6.001434e-01
1791,6.001585e-01
1792,6.001539e-01
1793,6.001396e-01
1794,6.001245e-01
1795,6.001252e-01
1796,6.001285e-01
1797,6.001225e-01
1798,6.001194e-01
1799,6.001448e-01
1800,6.001400e-01
1801,6.001445e-01
1802,6.001376e-01
1803,6.001288e-01
1804,6.001590e-01
1805,6.001629e-01
1806,6.001458e-01
1807,6.000431e-01
1808,6.000618e-01
1809,6.000434e-01
1810,6.000467e-01
1811,6.000604e-01
1812,6.000875e-01
1813,6.000969e-01
1814,6.001001e-01
1815,6.001074e-01
1816,6.001097e-01
1817,6.001164e-01
1818,6.001434e-01
1819,6.001763e-01
1820,6.001791e-01
1821,6.001664e-01
1822,6.001960e-01
1823,6.001811e-01
1824,6.001592e-01
1825,6.001694e-01
1826,6.001722e-01
1827,6.001756e-01
1828,6.001703e-01
1829,6.001704e-01
1830,6.001489e-01
1831,6.001841e-01
1832,6.001818e-01
1833,6.001759e-01
1834,6.002131e-01
1835,6.002455e-01
1836,6.002748e-01
1837,6.002825e-01
1838,6.003133e-01
1839,6.003585e-01
1840,6.003441e-01
1841,6.003330e-01
1842,6.003020e-01
1843,6.002569e-01
1844,6.002323e-01
1845,6.002186e-01
1846,6.002077e-01
1847,6.002120e-01
1848,6.001925e-01
1849,6.001919e-01
1850,6.001480e-01
1851,6.001936e-01
1852,6.001939e-01
1853,6.001818e-01
1854,6.002123e-01
1855,6.002154e-01
1856,6.002279e-01
1857,6.002302e-01
1858,6.002363e-01
1859,6.002272e-01
1860,6.002209e-01
1861,6.002107e-01
1862,6.002061e-01
1863,6.002126e-01
1864,6.002191e-01
1865,6.002216e-01
1866,6.002159e-01
1867,6.002215e-01
1868,6.001872e-01
1869,6.001873e-01
1870,6.002074e-01
1871,6.001826e-01
1872,6.001742e-01
1873,6.001669e-01
1874,6.001498e-01
1875,6.001449e-01
1876,6.001438e-01
1877,6.001465e-01
1878,6.001399e-01
1879,6.001322e-01
1880,6.001369e-01
1881,6.001403e-01
1882,6.001365e-01
1883,6.001339e-01
1884,6.001423e-01
1885,6.001303e-01
1886,6.001151e-01
1887,6.001200e-01
1888,6.000980e-01
1889,6.000965e-01
1890,6.000657e-01
1891,6.000743e-01
1892,6.001236e-01
1893,6.001179e-01
1894,6.001204e-01
1895,6.000915e-01
1896,6.000427e-01
1897,6.000364e-01
1898,6.000274e-01
1899,6.000166e-01
1900,5.999971e-01
1901,6.000268e-01
1902,5.999445e-01
1903,5.999396e-01
1904,5.999457e-01
1905,5.999227e-01
1906,5.998930e-01
1907,5.999160e-01
1908,5.999097e-01
1909,5.999075e-01
1910,5.999238e-01
1911,5.999217e-01
1912,5.999328e-01
1913,5.999506e-01
1914,5.999573e-01
1915,5.999522e-01
1916,5.999678e-01
1917,5.999652e-01
1918,5.999744e-01
1919,5.999706e-01
1920,5.999889e-01
1921,5.999390e-01
1922,5.998563e-01
1923,5.998561e-01
1924,5.998683e-01
1925,5.998732e-01
1926,5.998771e-01
1927,5.998775e-01
1928,5.998848e-01
1929,5.998790e-01
1930,5.998800e-01
1931,5.998884e-01
1932,5.999428e-01
1933,5.999392e-01
1934,5.999432e-01
1935,5.998907e-01
1936,5.998822e-01
1937,5.998821e-01
1938,5.999133e-01
1939,5.999548e-01
1940,5.999490e-01
1941,5.999387e-01
1942,5.999460e-01
1943,5.999334e-01
1944,5.999314e-01
1945,5.999280e-01
1946,5.999381e-01
1947,5.999336e-01
1948,5.999355e-01
1949,5.999306e-01
1950,5.999289e-01
1951,5.999366e-01
1952,5.999340e-01
1953,5.999341e-01
1954,5.999375e-01
1955,5.999448e-01
1956,5.999295e-01
1957,5.999483e-01
1958,5.999587e-01
1959,5.999830e-01
1960,6.000504e-01
1961,6.000651e-01
1962,6.000652e-01
1963,6.000791e-01
1964,6.000758e-01
1965,6.000729e-01
1966,6.000739e-01
1967,6.000777e-01
1968,6.000679e-01
1969,6.000857e-01
1970,6.000917e-01
1971,6.000897e-01
1972,6.000911e-01
1973,6.000891e-01
1974,6.000965e-01
1975,6.000888e-01
1976,6.000956e-01
1977,6.001151e-01
1978,6.001006e-01
1979,6.001445e-01
1980,6.001397e-01
1981,6.001750e-01
1982,6.001672e-01
1983,6.001683e-01
1984,6.001577e-01
1985,6.001574e-01
1986,6.001533e-01
1987,6.001530e-01
1988,6.000828e-01
1989,5.999693e-01
1990,5.999257e-01
1991,5.999272e-01
1992,5.999423e-01
1993,5.999549e-01
1994,5.999752e-01
1995,5.999805e-01
1996,5.999920e-01
1997,6.000076e-01
1998,6.000403e-01
1999,6.000594e-01
2000,6.000530e-01
2001,6.000547e-01
2002,6.000613e-01
2003,6.000922e-01
2004,6.001096e-01
2005,6.001112e-01
2006,6.001244e-01
2007,6.001399e-01
2008,6.001346e-01
2009,6.001504e-01
2010,6.001353e-01
2011,6.001104e-01
2012,6.000950e-01
2013,6.000832e-01
2014,6.000963e-01
2015,6.000828e-01
2016,6.000851e-01
2017,6.000727e-01
2018,6.000761e-01
2019,6.000988e-01
2020,6.001312e-01
2021,6.001392e-01
2022,6.000814e-01
2023,6.001129e-01
2024,6.001712e-01
2025,6.002035e-01
2026,6.002124e-01
2027,6.002248e-01
2028,6.002338e-01
2029,6.002373e-01
2030,6.002456e-01
2031,6.002368e-01
2032,6.002231e-01
2033,6.002004e-01
2034,6.001936e-01
2035,6.001906e-01
2036,6.001871e-01
2037,6.001744e-01
2038,6.001923e-01
2039,6.002120e-01
2040,6.002269e-01
2041,6.002135e-01
2042,6.002205e-01
2043,6.002064e-01
2044,6.002073e-01
2045,6.002039e-01
2046,6.002082e-01
2047,6.002174e-01
2048,6.001700e-01
2049,6.001640e-01
2050,6.001436e-01
2051,6.001514e-01
2052,6.001543e-01
2053,6.001450e-01
2054,6.001362e-01
2055,6.001257e-01
2056,6.001090e-01
2057,6.001081e-01
2058,6.001057e-01
2059,6.001005e-01
2060,6.001190e-01
2061,6.001272e-01
2062,6.001548e-01
2063,6.001579e-01
2064,6.001409e-01
2065,6.001458e-01
2066,6.001492e-01
2067,6.001410e-01
2068,6.001281e-01
2069,6.001222e-01
2070,6.001155e-01
2071,6.001171e-01
2072,6.001108e-01
2073,6.001149e-01
2074,6.001068e-01
2075,6.001064e-01
2076,6.001042e-01
2077,6.001015e-01
2078,6.000867e-01
2079,6.000769e-01
2080,6.001344e-01
2081,6.001928e-01
2082,6.002120e-01
2083,6.002203e-01
2084,6.002384e-01
2085,6.002486e-01
2086,6.002434e-01
2087,6.002460e-01
2088,6.002480e-01
2089,6.002607e-01
2090,6.002682e-01
2091,6.002581e-01
2092,6.002874e-01
2093,6.002551e-01
2094,6.002491e-01
2095,6.002112e-01
2096,6.001999e-01
2097,6.001989e-01
2098,6.001990e-01
2099,6.002030e-01
2100,6.001984e-01
2101,6.001886e-01
2102,6.001810e-01
2103,6.001896e-01
2104,6.001915e-01
2105,6.001821e-01
2106,6.001830e-01
2107,6.001830e-01
2108,6.001881e-01
2109,6.001713e-01
2110,6.001762e-01
2111,6.001673e-01
2112,6.001524e-01
2113,6.001408e-01
2114,6.001455e-01
2115,6.001105e-01
2116,6.000854e-01
2117,6.000797e-01
2118,6.000825e-01
2119,6.000949e-01
2120,6.000941e-01
2121,6.000900e-01
2122,6.001397e-01
2123,6.002514e-01
2124,6.003132e-01
2125,6.003263e-01
2126,6.003361e-01
2127,6.003407e-01
2128,6.003437e-01
2129,6.003515e-01
2130,6.003554e-01
2131,6.003597e-01
2132,6.003609e-01
2133,6.003556e-01
2134,6.003456e-01
2135,6.003259e-01
2136,6.003277e-01
2137,6.003094e-01
2138,6.003122e-01
2139,6.003181e-01
2140,6.003079e-01
2141,6.003072e-01
2142,6.002771e-01
2143,6.002655e-01
2144,6.002548e-01
2145,6.002563e-01
2146,6.002667e-01
2147,6.002780e-01
2148,6.002748e-01
2149,6.002691e-01
2150,6.003061e-01
2151,6.002350e-01
2152,6.001920e-01
2153,6.001722e-01
2154,6.001215e-01
2155,6.000929e-01
2156,6.000726e-01
2157,6.000749e-01
2158,6.000739e-01
2159,6.000707e-01
2160,6.000573e-01
2161,6.000552e-01
2162,6.000627e-01
2163,6.001031e-01
2164,6.001006e-01
2165,6.001190e-01
2166,6.001256e-01
2167,6.001167e-01
2168,6.002575e-01
2169,6.002744e-01
2170,6.002788e-01
2171,6.002820e-01
2172,6.002846e-01
2173,6.002920e-01
2174,6.002485e-01
2175,6.002592e-01
2176,6.002321e-01
2177,6.001871e-01
2178,6.001737e-01
2179,6.001841e-01
2180,6.001973e-01
2181,6.001818e-01
2182,6.001832e-01
2183,6.001707e-01
2184,6.001622e-01
2185,6.001388e-01
2186,6.001746e-01
2187,6.001929e-01
2188,6.002057e-01
2189,6.002144e-01
2190,6.001723e-01
2191,6.002124e-01
2192,6.002545e-01
2193,6.002557e-01
2194,6.002265e-01
2195,6.002154e-01
2196,6.002193e-01
2197,6.002021e-01
2198,6.002115e-01
2199,6.002111e-01
2200,6.002262e-01
2201,6.002412e-01
2202,6.002369e-01
2203,6.001787e-01
2204,6.001803e-01
2205,6.001876e-01
2206,6.001300e-01
2207,6.001109e-01
2208,6.000745e-01
2209,6.001021e-01
2210,6.000861e-01
2211,6.000945e-01
2212,6.000958e-01
2213,6.001163e-01
2214,6.001587e-01
2215,6.001756e-01
2216,6.001958e-01
2217,6.002037e-01
2218,6.002029e-01
2219,6.002370e-01
2220,6.001806e-01
2221,6.002094e-01
2222,6.002462e-01
2223,6.002583e-01
2224,6.002613e-01
2225,6.002675e-01
2226,6.002672e-01
2227,6.002623e-01
2228,6.002437e-01
2229,6.002318e-01
2230,6.002041e-01
2231,6.001974e-01
2232,6.001532e-01
2233,6.001586e-01
2234,6.001151e-01
2235,6.001098e-01
2236,6.001077e-01
2237,6.000967e-01
2238,6.000981e-01
2239,6.000944e-01
2240,6.000987e-01
2241,6.000994e-01
2242,6.001090e-01
2243,6.001196e-01
2244,6.001105e-01
2245,6.001230e-01
2246,6.001252e-01
2247,6.001322e-01
2248,6.001287e-01
2249,6.001082e-01
2250,6.001102e-01
2251,6.001207e-01
2252,6.001192e-01
2253,6.001175e-01
2254,6.001137e-01
2255,6.001193e-01
2256,6.001335e-01
2257,6.001360e-01
2258,6.001551e-01
2259,6.001461e-01
2260,6.001406e-01
2261,6.001848e-01
2262,6.001965e-01
2263,6.001787e-01
2264,6.001922e-01
2265,6.001717e-01
2266,6.001892e-01
2267,6.001920e-01
2268,6.001874e-01
2269,6.001849e-01
2270,6.001709e-01
2271,6.002008e-01
2272,6.001832e-01
2273,6.001752e-01
2274,6.000770e-01
2275,6.000165e-01
2276,6.000143e-01
2277,6.000128e-01
2278,5.999972e-01
2279,6.000015e-01
2280,6.000111e-01
2281,5.999572e-01
2282,5.999884e-01
2283,5.999032e-01
2284,5.998261e-01
2285,5.998890e-01
2286,5.998973e-01
2287,5.999449e-01
2288,5.999599e-01
2289,5.999692e-01
2290,5.999747e-01
2291,5.999783e-01
2292,5.999881e-01
2293,5.999993e-01
2294,6.000191e-01
2295,6.000264e-01
2296,6.000340e-01
2297,6.000240e-01
2298,6.000212e-01
2299,6.000132e-01
2300,6.000141e-01
2301,5.999808e-01
2302,5.999142e-01
2303,5.999876e-01
2304,6.000109e-01
2305,6.000224e-01
2306,6.000230e-01
2307,6.000315e-01
2308,6.000424e-01
2309,6.000454e-01
2310,6.000475e-01
2311,6.000344e-01
2312,6.000410e-01
2313,6.000382e-01
2314,6.000248e-01
2315,6.000158e-01
2316,6.000336e-01
2317,6.000195e-01
2318,6.000215e-01
2319,5.999653e-01
2320,5.999762e-01
2321,5.999478e-01
2322,6.000116e-01
2323,6.000193e-01
2324,6.000199e-01
2325,6.000310e-01
2326,6.000518e-01
2327,6.000469e-01
2328,6.000723e-01
2329,6.000775e-01
2330,6.000856e-01
2331,6.000848e-01
2332,6.000909e-01
2333,6.001217e-01
2334,6.001089e-01
2335,6.001073e-01
2336,6.001247e-01
2337,6.001310e-01
2338,6.001327e-01
2339,6.001555e-01
2340,6.001943e-01
2341,6.002142e-01
2342,6.002308e-01
2343,6.002293e-01
2344,6.002356e-01
2345,6.002445e-01
2346,6.002498e-01
2347,6.001654e-01
2348,6.002975e-01
2349,6.003584e-01
2350,6.003817e-01
2351,6.003749e-01
2352,6.003768e-01
2353,6.003610e-01
2354,6.003574e-01
2355,6.003459e-01
2356,6.003340e-01
2357,6.003243e-01
2358,6.003220e-01
2359,6.003045e-01
2360,6.003026e-01
2361,6.002829e-01
2362,6.002923e-01
2363,6.002829e-01
2364,6.002356e-01
2365,6.001911e-01
2366,6.002728e-01
2367,6.003205e-01
2368,6.003320e-01
2369,6.003247e-01
2370,6.003224e-01
2371,6.003303e-01
2372,6.003325e-01
2373,6.003310e-01
2374,6.003197e-01
2375,6.002980e-01
2376,6.002811e-01
2377,6.002452e-01
2378,6.002403e-01
2379,6.002246e-01
2380,6.003477e-01
2381,6.003872e-01
2382,6.003876e-01
2383,6.003839e-01
2384,6.003803e-01
2385,6.003885e-01
2386,6.003852e-01
2387,6.003697e-01
2388,6.003584e-01
2389,6.003696e-01
2390,6.003759e-01
2391,6.003813e-01
2392,6.003695e-01
2393,6.003675e-01
2394,6.003484e-01
2395,6.003336e-01
2396,6.003289e-01
2397,6.003180e-01
2398,6.003013e-01
2399,6.003875e-01
2400,6.003814e-01
2401,6.003915e-01
2402,6.004028e-01
2403,6.004013e-01
2404,6.004065e-01
2405,6.004068e-01
2406,6.003967e-01
2407,6.003918e-01
2408,6.003769e-01
2409,6.003396e-01
2410,6.003428e-01
2411,6.003309e-01
2412,6.003231e-01
2413,6.003156e-01
2414,6.003138e-01
2415,6.003087e-01
2416,6.003018e-01
2417,6.002789e-01
2418,6.002406e-01
2419,6.002231e-01
2420,6.001484e-01
2421,6.000808e-01
2422,6.000767e-01
2423,6.000379e-01
2424,6.000456e-01
2425,6.000329e-01
2426,6.000442e-01
2427,6.000461e-01
2428,6.000401e-01
2429,6.000247e-01
2430,6.000220e-01
2431,5.999908e-01
2432,6.000386e-01
2433,6.000167e-01
2434,6.000454e-01
2435,6.000430e-01
2436,6.000485e-01
2437,6.000549e-01
2438,6.000519e-01
2439,6.000487e-01
2440,6.000479e-01
2441,6.000541e-01
2442,6.000519e-01
2443,6.000637e-01
2444,6.000900e-01
2445,6.000803e-01
2446,6.000824e-01
2447,6.000890e-01
2448,6.000840e-01
2449,6.000630e-01
2450,6.000367e-01
2451,6.000569e-01
2452,6.000533e-01
2453,6.000469e-01
2454,6.000574e-01
2455,6.000447e-01
2456,6.000502e-01
2457,6.000502e-01
2458,6.000701e-01
2459,6.000782e-01
2460,6.000693e-01
2461,6.000631e-01
2462,6.000385e-01
2463,6.000155e-01
2464,6.000075e-01
2465,6.000117e-01
2466,6.000242e-01
2467,6.000476e-01
2468,6.000372e-01
2469,6.000230e-01
2470,6.000235e-01
2471,6.000337e-01
2472,6.000314e-01
2473,6.000134e-01
2474,5.999973e-01
2475,6.000041e-01
2476,5.999988e-01
2477,6.000061e-01
2478,6.000270e-01
2479,5.999976e-01
2480,5.999733e-01
2481,5.999574e-01
2482,5.999781e-01
2483,5.999710e-01
2484,5.999616e-01
2485,5.999543e-01
2486,5.999635e-01
2487,5.999818e-01
2488,5.999982e-01
2489,6.000137e-01
2490,6.001158e-01
2491,6.000928e-01
2492,6.000892e-01
2493,6.001092e-01
2494,6.001105e-01
2495,6.001006e-01
2496,6.001056e-01
2497,6.001196e-01
2498,6.001309e-01
2499,6.001111e-01
2500,6.000769e-01
2501,6.000602e-01
2502,6.000667e-01
2503,6.000828e-01
2504,6.001121e-01
2505,6.001135e-01
2506,6.000820e-01
2507,6.000743e-01
2508,6.000710e-01
2509,6.000831e-01
2510,6.000954e-01
2511,6.001161e-01
2512,6.001463e-01
2513,6.001685e-01
2514,6.002013e-01
2515,6.001863e-01
2516,6.001974e-01
2517,6.001717e-01
2518,6.002064e-01
2519,6.001744e-01
2520,6.002553e-01
2521,6.001914e-01
2522,6.001768e-01
2523,6.001734e-01
2524,6.001764e-01
2525,6.001748e-01
2526,6.001734e-01
2527,6.001753e-01
2528,6.001727e-01
2529,6.001778e-01
2530,6.001753e-01
2531,6.001720e-01
2532,6.001627e-01
2533,6.001632e-01
2534,6.001682e-01
2535,6.001666e-01
2536,6.001604e-01
2537,6.001826e-01
2538,6.001763e-01
2539,6.001554e-01
2540,6.001344e-01
2541,6.001421e-01
2542,6.001472e-01
2543,6.001348e-01
2544,6.001429e-01
2545,6.001052e-01
2546,6.001002e-01
2547,6.000976e-01
2548,6.001015e-01
2549,6.000856e-01
2550,6.000420e-01
2551,6.000817e-01
2552,6.000670e-01
2553,6.000434e-01
2554,6.000696e-01
2555,6.000333e-01
2556,6.000593e-01
2557,6.000773e-01
2558,6.000700e-01
2559,6.000630e-01
2560,6.000719e-01
2561,6.000824e-01
2562,6.000765e-01
2563,6.000346e-01
2564,6.000483e-01
2565,6.000540e-01
2566,6.000174e-01
2567,5.999973e-01
2568,5.999943e-01
2569,5.999978e-01
2570,5.999671e-01
2571,5.999818e-01
2572,5.999820e-01
2573,5.999854e-01
2574,5.999878e-01
2575,5.999941e-01
2576,5.999946e-01
2577,6.000249e-01
2578,5.999551e-01
2579,5.999369e-01
2580,5.999215e-01
2581,5.999202e-01
2582,5.999387e-01
2583,5.999622e-01
2584,5.999836e-01
2585,5.999860e-01
2586,5.999867e-01
2587,5.999994e-01
2588,5.999973e-01
2589,5.999976e-01
2590,6.000031e-01
2591,5.999881e-01
2592,5.999838e-01
2593,5.999736e-01
2594,5.999894e-01
2595,5.999947e-01
2596,5.999827e-01
2597,5.999960e-01
2598,5.999759e-01
2599,5.999186e-01
2600,5.999445e-01
2601,5.999507e-01
2602,5.999493e-01
2603,5.999589e-01
2604,5.999508e-01
2605,5.999665e-01
2606,5.999637e-01
2607,5.999698e-01
2608,5.999580e-01
2609,5.999574e-01
2610,5.999593e-01
2611,5.999511e-01
2612,5.999565e-01
2613,5.999135e-01
2614,5.999392e-01
2615,5.999945e-01
2616,6.000209e-01
2617,6.000970e-01
2618,6.000893e-01
2619,6.000805e-01
2620,6.000808e-01
2621,6.000830e-01
2622,6.000882e-01
2623,6.000916e-01
2624,6.000941e-01
2625,6.001020e-01
2626,6.001249e-01
2627,6.001537e-01
2628,6.001640e-01
2629,6.002111e-01
2630,6.002218e-01
2631,6.002086e-01
2632,6.001917e-01
2633,6.001868e-01
2634,6.001859e-01
2635,6.001782e-01
2636,6.001674e-01
2637,6.001406e-01
2638,6.001479e-01
2639,6.000496e-01
2640,6.001206e-01
2641,6.000451e-01
2642,5.999782e-01
2643,5.999654e-01
2644,5.999569e-01
2645,5.999539e-01
2646,5.999523e-01
2647,5.999644e-01
2648,5.999695e-01
2649,5.999763e-01
2650,5.999911e-01
2651,5.999912e-01
2652,5.999932e-01
2653,5.999946e-01
2654,6.000036e-01
2655,6.000056e-01
2656,6.000050e-01
2657,6.000068e-01
2658,6.000146e-01
2659,6.000111e-01
2660,5.999955e-01
2661,6.000106e-01
2662,5.999221e-01
2663,5.998926e-01
2664,5.998639e-01
2665,5.998682e-01
2666,5.998588e-01
2667,5.998772e-01
2668,5.998867e-01
2669,5.999019e-01
2670,5.999137e-01
2671,5.999172e-01
2672,5.999299e-01
2673,5.999481e-01
2674,5.999557e-01
2675,5.999599e-01
2676,5.999636e-01
2677,5.999816e-01
2678,5.999807e-01
2679,5.999856e-01
2680,5.999753e-01
2681,5.999895e-01
2682,6.000440e-01
2683,6.000105e-01
2684,5.999777e-01
2685,5.999714e-01
2686,5.999694e-01
2687,5.999778e-01
2688,5.999861e-01
2689,5.999432e-01
2690,5.999331e-01
2691,5.999780e-01
2692,5.999829e-01
2693,5.999814e-01
2694,5.999964e-01
2695,6.000160e-01
2696,6.000268e-01
2697,6.000521e-01
2698,6.000553e-01
2699,6.000677e-01
2700,6.000518e-01
2701,6.000935e-01
2702,6.001174e-01
2703,6.001338e-01
2704,6.001423e-01
2705,6.001533e-01
2706,6.001576e-01
2707,6.001507e-01
2708,6.001380e-01
2709,6.001323e-01
2710,6.001360e-01
2711,6.001423e-01
2712,6.001619e-01
2713,6.001509e-01
2714,6.001958e-01
2715,6.002027e-01
2716,6.002654e-01
2717,6.002728e-01
2718,6.002661e-01
2719,6.002408e-01
2720,6.001626e-01
2721,6.001158e-01
2722,6.001161e-01
2723,6.001235e-01
2724,6.001387e-01
2725,6.001592e-01
2726,6.002238e-01
2727,6.001038e-01
2728,6.000192e-01
2729,5.999759e-01
2730,5.999516e-01
2731,5.999414e-01
2732,5.999479e-01
2733,5.999552e-01
2734,5.999619e-01
2735,5.999746e-01
2736,5.999836e-01
2737,5.999910e-01
2738,5.999537e-01
2739,5.999485e-01
2740,5.999475e-01
2741,5.999550e-01
2742,5.999956e-01
2743,5.999410e-01
2744,5.999421e-01
2745,5.999437e-01
2746,5.999531e-01
2747,5.999604e-01
2748,5.999660e-01
2749,5.999662e-01
2750,5.999860e-01
2751,5.999935e-01
2752,6.000040e-01
2753,6.000137e-01
2754,6.000240e-01
2755,6.000243e-01
2756,6.000242e-01
2757,6.000223e-01
2758,6.000330e-01
2759,6.000459e-01
2760,6.000572e-01
2761,6.000761e-01
2762,6.000791e-01
2763,6.000811e-01
2764,6.000978e-01
2765,6.000950e-01
2766,6.001046e-01
2767,6.001087e-01
2768,6.001035e-01
2769,6.001227e-01
2770,6.001822e-01
2771,6.002392e-01
2772,6.002426e-01
2773,6.002560e-01
2774,6.002636e-01
2775,6.002631e-01
2776,6.002702e-01
2777,6.002586e-01
2778,6.002737e-01
2779,6.002320e-01
2780,6.002283e-01
2781,6.002005e-01
2782,6.002027e-01
2783,6.001939e-01
2784,6.001911e-01
2785,6.001869e-01
2786,6.001603e-01
2787,6.001489e-01
2788,6.001577e-01
2789,6.001628e-01
2790,6.001560e-01
2791,6.001540e-01
2792,6.001296e-01
2793,6.000552e-01
2794,6.000603e-01
2795,6.000389e-01
2796,6.000317e-01
2797,6.000414e-01
2798,6.000710e-01
2799,6.000767e-01
2800,6.000665e-01
2801,6.000854e-01
2802,6.000675e-01
2803,6.000292e-01
2804,6.000089e-01
2805,6.000070e-01
2806,5.999912e-01
2807,5.999819e-01
2808,5.999795e-01
2809,5.999706e-01
2810,5.999719e-01
2811,5.999796e-01
2812,5.999891e-01
2813,5.999900e-01
2814,5.999827e-01
2815,5.999836e-01
2816,5.999857e-01
2817,5.999900e-01
2818,6.000137e-01
2819,6.000067e-01
2820,6.000296e-01
2821,6.000236e-01
2822,6.000156e-01
2823,6.000016e-01
2824,6.000561e-01
2825,6.000919e-01
2826,6.001243e-01
2827,6.001630e-01
2828,6.001531e-01
2829,6.001366e-01
2830,6.001258e-01
2831,6.001132e-01
2832,6.001109e-01
2833,6.001567e-01
2834,6.000987e-01
2835,6.000899e-01
2836,6.000903e-01
2837,6.000018e-01
2838,5.999838e-01
2839,5.999442e-01
2840,5.999443e-01
2841,5.999664e-01
2842,5.999766e-01
2843,6.000001e-01
2844,5.999821e-01
2845,6.000034e-01
2846,5.999544e-01
2847,5.999590e-01
2848,5.999128e-01
2849,5.998775e-01
2850,5.998356e-01
2851,5.998269e-01
2852,5.998077e-01
2853,5.996801e-01
2854,5.996335e-01
2855,5.996166e-01
2856,5.996440e-01
2857,5.996616e-01
2858,5.996798e-01
2859,5.996913e-01
2860,5.996992e-01
2861,5.997124e-01
2862,5.997245e-01
2863,5.997318e-01
2864,5.997447e-01
2865,5.997581e-01
2866,5.997722e-01
2867,5.997781e-01
2868,5.997911e-01
2869,5.998058e-01
2870,5.998137e-01
2871,5.998222e-01
2872,5.998330e-01
2873,5.998378e-01
2874,5.998414e-01
2875,5.998420e-01
2876,5.998653e-01
2877,5.998451e-01
2878,5.998576e-01
2879,5.998505e-01
2880,5.998403e-01
2881,5.998468e-01
2882,5.998668e-01
2883,5.998837e-01
2884,5.998817e-01
2885,5.999256e-01
2886,5.999720e-01
2887,5.999749e-01
2888,5.999676e-01
2889,5.998901e-01
2890,5.998715e-01
2891,5.998773e-01
2892,5.998743e-01
2893,5.998777e-01
2894,5.998815e-01
2895,5.998836e-01
2896,5.998796e-01
2897,5.998912e-01
2898,5.998920e-01
2899,5.999231e-01
2900,5.999493e-01
2901,5.999461e-01
2902,5.999533e-01
2903,5.999582e-01
2904,5.999795e-01
2905,5.999758e-01
2906,5.999670e-01
2907,5.999757e-01
2908,5.999737e-01
2909,5.999510e-01
2910,5.999184e-01
2911,5.998985e-01
2912,5.998868e-01
2913,5.998660e-01
2914,5.999435e-01
2915,5.998745e-01
2916,5.998587e-01
2917,5.998179e-01
2918,5.998412e-01
2919,5.998216e-01
2920,5.998189e-01
2921,5.998281e-01
2922,5.998394e-01
2923,5.998528e-01
2924,5.998556e-01
2925,5.998598e-01
2926,5.998785e-01
2927,5.998905e-01
2928,5.999002e-01
2929,5.999121e-01
2930,5.999163e-01
2931,5.999124e-01
2932,5.999117e-01
2933,5.999163e-01
2934,5.999282e-01
2935,5.999458e-01
2936,5.999734e-01
2937,5.999998e-01
2938,6.000129e-01
2939,6.000229e-01
2940,6.000285e-01
2941,6.000343e-01
2942,6.000552e-01
2943,5.999755e-01
2944,5.999082e-01
2945,5.999514e-01
2946,5.999320e-01
2947,5.999253e-01
2948,5.998782e-01
2949,5.998616e-01
2950,5.998485e-01
2951,5.998611e-01
2952,5.998608e-01
2953,5.998651e-01
2954,5.998688e-01
2955,5.998657e-01
2956,5.998809e-01
2957,5.998892e-01
2958,5.998932e-01
2959,5.999042e-01
2960,5.999721e-01
2961,5.999011e-01
2962,5.998601e-01
2963,5.998098e-01
2964,5.998121e-01
2965,5.998348e-01
2966,5.998193e-01
2967,5.998264e-01
2968,5.998316e-01
2969,5.998324e-01
2970,5.998228e-01
2971,5.998599e-01
2972,5.997601e-01
2973,5.998515e-01
2974,5.999101e-01
2975,5.999424e-01
2976,5.999686e-01
2977,5.999856e-01
2978,5.999973e-01
2979,6.000128e-01
2980,6.000177e-01
2981,6.000184e-01
2982,6.000249e-01
2983,6.000402e-01
2984,6.000492e-01
2985,6.000565e-01
2986,6.000593e-01
2987,6.000650e-01
2988,6.000582e-01
2989,6.000499e-01
2990,6.000524e-01
2991,6.000535e-01
2992,6.000628e-01
2993,6.000726e-01
2994,6.000790e-01
2995,6.000787e-01
2996,6.000906e-01
2997,6.001093e-01
2998,6.001254e-01
2999,6.001211e-01
3000,6.000956e-01
3001,6.000794e-01
3002,6.000735e-01
3003,6.000136e-01
3004,6.000533e-01
3005,6.001460e-01
3006,6.001740e-01
3007,6.001952e-01
3008,6.002069e-01
3009,6.002147e-01
3010,6.002195e-01
3011,6.002122e-01
3012,6.002174e-01
3013,6.002013e-01
3014,6.002142e-01
3015,6.002023e-01
3016,6.002278e-01
3017,6.002405e-01
3018,6.002368e-01
3019,6.002203e-01
3020,6.002542e-01
3021,6.002790e-01
3022,6.002468e-01
3023,6.002623e-01
3024,6.003123e-01
3025,6.003376e-01
3026,6.003653e-01
3027,6.003788e-01
3028,6.003980e-01
3029,6.003985e-01
3030,6.004000e-01
3031,6.004148e-01
3032,6.003974e-01
3033,6.004025e-01
3034,6.004084e-01
3035,6.004004e-01
3036,6.003870e-01
3037,6.003848e-01
3038,6.003712e-01
3039,6.003619e-01
3040,6.003580e-01
3041,6.003525e-01
3042,6.003497e-01
3043,6.003428e-01
3044,6.003333e-01
3045,6.003202e-01
3046,6.003076e-01
3047,6.002954e-01
3048,6.002951e-01
3049,6.003073e-01
3050,6.003181e-01
3051,6.003051e-01
3052,6.002630e-01
3053,6.002612e-01
3054,6.002535e-01
3055,6.002453e-01
3056,6.002247e-01
3057,6.001860e-01
3058,6.001540e-01
3059,6.001292e-01
3060,6.000805e-01
3061,6.000528e-01
3062,6.000294e-01
3063,6.000377e-01
3064,6.000346e-01
3065,6.000313e-01
3066,6.000226e-01
3067,6.000184e-01
3068,6.000136e-01
3069,6.000266e-01
3070,6.000207e-01
3071,6.000088e-01
3072,5.999744e-01
3073,6.000091e-01
3074,6.000122e-01
3075,6.000203e-01
3076,6.000271e-01
3077,6.000363e-01
3078,6.000093e-01
3079,5.999769e-01
3080,5.999705e-01
3081,5.999585e-01
3082,5.999697e-01
3083,5.999532e-01
3084,5.999886e-01
3085,5.999622e-01
3086,5.999348e-01
3087,5.999324e-01
3088,5.999288e-01
3089,5.999261e-01
3090,5.999330e-01
3091,5.999408e-01
3092,5.999334e-01
3093,5.999363e-01
3094,5.999401e-01
3095,5.999430e-01
3096,5.999488e-01
3097,5.999488e-01
3098,5.999502e-01
3099,5.999515e-01
3100,5.999609e-01
3101,5.999672e-01
3102,5.999818e-01
3103,5.999961e-01
3104,6.000077e-01
3105,6.000172e-01
3106,6.000298e-01
3107,6.000256e-01
3108,6.000556e-01
3109,5.999855e-01
3110,5.999660e-01
3111,5.999704e-01
3112,5.999905e-01
3113,6.000093e-01
3114,6.000130e-01
3115,6.000257e-01
3116,5.999426e-01
3117,5.999646e-01
3118,5.999341e-01
3119,5.999094e-01
3120,5.999144e-01
3121,5.999286e-01
3122,5.999343e-01
3123,5.999352e-01
3124,5.999159e-01
3125,5.999125e-01
3126,5.999317e-01
3127,5.999560e-01
3128,5.999696e-01
3129,5.999773e-01
3130,5.999168e-01
3131,5.999267e-01
3132,5.999145e-01
3133,5.999482e-01
3134,5.999711e-01
3135,6.000146e-01
3136,6.000094e-01
3137,6.000406e-01
3138,6.000661e-01
3139,6.000828e-01
3140,6.000896e-01
3141,6.000912e-01
3142,6.000887e-01
3143,6.001191e-01
3144,6.000821e-01
3145,6.000748e-01
3146,6.000732e-01
3147,6.000826e-01
3148,6.000972e-01
3149,6.001033e-01
3150,6.000972e-01
3151,6.000829e-01
3152,6.001311e-01
3153,6.001441e-01
3154,6.001997e-01
3155,6.002759e-01
3156,6.003029e-01
3157,6.002547e-01
3158,6.002031e-01
3159,6.001570e-01
3160,6.001110e-01
3161,6.001047e-01
3162,6.001008e-01
3163,6.001150e-01
3164,6.001300e-01
3165,6.001241e-01
3166,6.000735e-01
3167,6.000600e-01
3168,6.000575e-01
3169,6.000607e-01
3170,6.000655e-01
3171,6.000628e-01
3172,6.000636e-01
3173,6.000759e-01
3174,6.000652e-01
3175,6.000550e-01
3176,6.000496e-01
3177,6.000431e-01
3178,6.000597e-01
3179,6.000647e-01
3180,6.000702e-01
3181,6.000583e-01
3182,6.000032e-01
3183,6.000711e-01
3184,6.001564e-01
3185,6.001961e-01
3186,6.002163e-01
3187,6.002358e-01
3188,6.002241e-01
3189,6.002487e-01
3190,6.002311e-01
3191,6.002458e-01
3192,6.002687e-01
3193,6.002419e-01
3194,6.002702e-01
3195,6.002917e-01
3196,6.003194e-01
3197,6.003175e-01
3198,6.003330e-01
3199,6.003407e-01
3200,6.003420e-01
3201,6.003425e-01
3202,6.003448e-01
3203,6.003476e-01
3204,6.003384e-01
3205,6.003334e-01
3206,6.003163e-01
3207,6.003094e-01
3208,6.002954e-01
3209,6.002799e-01
3210,6.002713e-01
3211,6.002465e-01
3212,6.002950e-01
3213,6.002609e-01
3214,6.003006e-01
3215,6.002942e-01
3216,6.003205e-01
3217,6.003174e-01
3218,6.003286e-01
3219,6.003582e-01
3220,6.003540e-01
3221,6.003464e-01
3222,6.003599e-01
3223,6.003631e-01
3224,6.003731e-01
3225,6.003329e-01
3226,6.003330e-01
3227,6.003482e-01
3228,6.003517e-01
3229,6.003435e-01
3230,6.003377e-01
3231,6.003417e-01
3232,6.003430e-01
3233,6.003291e-01
3234,6.003092e-01
3235,6.002911e-01
3236,6.002998e-01
3237,6.002762e-01
3238,6.002799e-01
3239,6.002806e-01
3240,6.002635e-01
3241,6.003090e-01
3242,6.003017e-01
3243,6.003025e-01
3244,6.003011e-01
3245,6.002927e-01
3246,6.003034e-01
3247,6.001801e-01
3248,6.002283e-01
3249,6.002526e-01
3250,6.002980e-01
3251,6.003068e-01
3252,6.003145e-01
3253,6.003253e-01
3254,6.003146e-01
3255,6.003172e-01
3256,6.003118e-01
3257,6.003026e-01
3258,6.003441e-01
3259,6.003443e-01
3260,6.003423e-01
3261,6.003371e-01
3262,6.003280e-01
3263,6.003342e-01
3264,6.003208e-01
3265,6.003261e-01
3266,6.003320e-01
3267,6.003321e-01
3268,6.003296e-01
3269,6.003233e-01
3270,6.003239e-01
3271,6.003297e-01
3272,6.003399e-01
3273,6.003110e-01
3274,6.003054e-01
3275,6.002686e-01
3276,6.002533e-01
3277,6.002203e-01
3278,6.002588e-01
3279,6.001931e-01
3280,6.002461e-01
3281,6.003107e-01
3282,6.003109e-01
3283,6.003082e-01
3284,6.002913e-01
3285,6.003131e-01
3286,6.003643e-01
3287,6.003760e-01
3288,6.003746e-01
3289,6.003658e-01
3290,6.003696e-01
3291,6.003640e-01
3292,6.003606e-01
3293,6.003553e-01
3294,6.003263e-01
3295,6.003155e-01
3296,6.002865e-01
3297,6.002607e-01
3298,6.002415e-01
3299,6.002205e-01
3300,6.002123e-01
3301,6.001923e-01
3302,6.001762e-01
3303,6.001409e-01
3304,6.001453e-01
3305,6.001028e-01
3306,6.001440e-01
3307,6.001538e-01
3308,6.001455e-01
3309,6.001667e-01
3310,6.001765e-01
3311,6.001747e-01
3312,6.001863e-01
3313,6.001845e-01
3314,6.001877e-01
3315,6.001899e-01
3316,6.001860e-01
3317,6.001853e-01
3318,6.001856e-01
3319,6.001819e-01
3320,6.001853e-01
3321,6.001815e-01
3322,6.001854e-01
3323,6.001850e-01
3324,6.001774e-01
3325,6.001724e-01
3326,6.001562e-01
3327,6.001461e-01
3328,6.001210e-01
3329,6.001304e-01
3330,6.001052e-01
3331,6.000999e-01
3332,6.001087e-01
3333,6.000997e-01
3334,6.000577e-01
3335,6.000639e-01
3336,6.000625e-01
3337,6.000335e-01
3338,6.000041e-01
3339,5.999877e-01
3340,5.999730e-01
3341,5.999740e-01
3342,5.999593e-01
3343,5.999839e-01
3344,5.999820e-01
3345,5.999908e-01
3346,6.000067e-01
3347,5.999835e-01
3348,5.999587e-01
3349,5.999500e-01
3350,5.999489e-01
3351,5.999452e-01
3352,5.999380e-01
3353,5.999524e-01
3354,5.999559e-01
3355,5.999616e-01
3356,5.999714e-01
3357,5.999512e-01
3358,5.998265e-01
3359,5.999535e-01
3360,5.997949e-01
3361,5.997673e-01
3362,5.997796e-01
3363,5.997751e-01
3364,5.997820e-01
3365,5.997917e-01
3366,5.998066e-01
3367,5.998210e-01
3368,5.998335e-01
3369,5.998505e-01
3370,5.998640e-01
3371,5.998753e-01
3372,5.998889e-01
3373,5.998968e-01
3374,5.998982e-01
3375,5.999132e-01
3376,5.999212e-01
3377,5.999268e-01
3378,5.999365e-01
3379,5.999448e-01
3380,5.999522e-01
3381,5.999682e-01
3382,5.999756e-01
3383,5.999928e-01
3384,5.999679e-01
3385,5.999653e-01
3386,5.999610e-01
3387,5.999762e-01
3388,5.999969e-01
3389,6.000034e-01
3390,6.000175e-01
3391,6.000179e-01
3392,6.000244e-01
3393,6.000192e-01
3394,6.000068e-01
3395,6.000208e-01
3396,6.000314e-01
3397,6.000121e-01
3398,6.000189e-01
3399,6.000177e-01
3400,6.000493e-01
3401,6.000705e-01
3402,6.000810e-01
3403,6.000749e-01
3404,6.001052e-01
3405,6.000448e-01
3406,6.000451e-01
3407,6.000055e-01
3408,5.999933e-01
3409,5.999941e-01
3410,6.000029e-01
3411,6.000171e-01
3412,5.999960e-01
3413,6.000046e-01
3414,6.000077e-01
3415,6.000174e-01
3416,6.000297e-01
3417,6.000373e-01
3418,6.000465e-01
3419,6.000462e-01
3420,6.000375e-01
3421,6.000316e-01
3422,6.000342e-01
3423,6.000521e-01
3424,6.000584e-01
3425,6.000553e-01
3426,6.000630e-01
3427,6.000603e-01
3428,6.000544e-01
3429,5.999907e-01
3430,5.999521e-01
3431,5.998652e-01
3432,5.998492e-01
3433,5.998142e-01
3434,5.998164e-01
3435,5.998164e-01
3436,5.997957e-01
3437,5.998396e-01
3438,5.998006e-01
3439,5.998491e-01
3440,5.999468e-01
3441,5.999792e-01
3442,6.000233e-01
3443,6.000439e-01
3444,6.000530e-01
3445,6.000639e-01
3446,6.000755e-01
3447,6.000682e-01
3448,6.000709e-01
3449,6.000637e-01
3450,6.000676e-01
3451,6.000751e-01
3452,6.000919e-01
3453,6.000916e-01
3454,6.001200e-01
3455,6.000670e-01
3456,6.001388e-01
3457,6.001309e-01
3458,6.001398e-01
3459,6.001437e-01
3460,6.001419e-01
3461,6.001472e-01
3462,6.001399e-01
3463,6.001915e-01
3464,6.001684e-01
3465,6.001597e-01
3466,6.001571e-01
3467,6.001434e-01
3468,6.001260e-01
3469,6.001195e-01
3470,6.001261e-01
3471,6.001242e-01
3472,6.001139e-01
3473,6.001086e-01
3474,6.001311e-01
3475,6.000885e-01
3476,6.000291e-01
3477,6.000214e-01
3478,6.000215e-01
3479,6.000118e-01
3480,6.000255e-01
3481,6.000265e-01
3482,6.000263e-01
3483,6.000351e-01
3484,6.000311e-01
3485,6.000376e-01
3486,6.000282e-01
3487,6.000518e-01
3488,6.000516e-01
3489,6.000557e-01
3490,6.000556e-01
3491,6.000684e-01
3492,6.000459e-01
3493,5.999882e-01
3494,6.000525e-01
3495,6.000350e-01
3496,6.000409e-01
3497,6.000451e-01
3498,6.000453e-01
3499,6.000457e-01
3500,6.000490e-01
3501,6.000470e-01
3502,6.000514e-01
3503,6.000542e-01
3504,6.000595e-01
3505,6.000540e-01
3506,6.000704e-01
3507,6.000533e-01
3508,6.000562e-01
3509,6.000592e-01
3510,6.000610e-01
3511,6.000723e-01
3512,6.000677e-01
3513,6.000773e-01
3514,6.000537e-01
3515,6.000471e-01
3516,6.000359e-01
3517,6.000382e-01
3518,6.000489e-01
3519,6.000607e-01
3520,6.000535e-01
3521,6.000493e-01
3522,6.000275e-01
3523,6.000356e-01
3524,6.000682e-01
3525,6.000047e-01
3526,5.999947e-01
3527,6.000133e-01
3528,6.000308e-01
3529,6.000532e-01
3530,6.000766e-01
3531,6.000494e-01
3532,6.000096e-01
3533,5.999901e-01
3534,5.999910e-01
3535,5.999468e-01
3536,5.999674e-01
3537,5.999720e-01
3538,5.999797e-01
3539,5.999687e-01
3540,5.999803e-01
3541,5.999773e-01
3542,5.999957e-01
3543,5.999998e-01
3544,6.000156e-01
3545,6.000205e-01
3546,6.000325e-01
3547,6.000611e-01
3548,6.000662e-01
3549,6.000581e-01
3550,6.000719e-01
3551,6.000733e-01
3552,6.000757e-01
3553,6.000628e-01
3554,6.000575e-01
3555,6.000785e-01
3556,6.000403e-01
3557,5.999774e-01
3558,5.999733e-01
3559,5.999839e-01
3560,5.999824e-01
3561,5.999908e-01
3562,5.999914e-01
3563,5.999970e-01
3564,6.000035e-01
3565,6.000077e-01
3566,6.000108e-01
3567,6.000109e-01
3568,6.000283e-01
3569,6.000141e-01
3570,6.000046e-01
3571,5.999999e-01
3572,6.000053e-01
3573,6.000066e-01
3574,5.999886e-01
3575,5.999915e-01
3576,5.999900e-01
3577,5.999896e-01
3578,5.999928e-01
3579,5.999892e-01
3580,6.000046e-01
3581,6.000009e-01
3582,6.000078e-01
3583,5.999228e-01
3584,5.998775e-01
3585,5.998643e-01
3586,5.998630e-01
3587,5.998499e-01
3588,5.998613e-01
3589,5.998681e-01
3590,5.998859e-01
3591,5.998637e-01
3592,5.998551e-01
3593,5.998688e-01
3594,5.998648e-01
3595,5.998328e-01
3596,5.997949e-01
3597,5.997955e-01
3598,5.998043e-01
3599,5.998111e-01
3600,5.998210e-01
3601,5.998256e-01
3602,5.998295e-01
3603,5.998564e-01
3604,5.998722e-01
3605,5.998612e-01
3606,5.998791e-01
3607,5.998839e-01
3608,5.999149e-01
3609,5.998811e-01
3610,5.998906e-01
3611,5.998834e-01
3612,5.998836e-01
3613,5.998840e-01
3614,5.999061e-01
3615,5.999110e-01
3616,5.999398e-01
3617,5.999502e-01
3618,5.999653e-01
3619,5.999745e-01
3620,5.999833e-01
3621,5.999947e-01
3622,6.000085e-01
3623,5.999980e-01
3624,6.000143e-01
3625,6.000130e-01
3626,6.000239e-01
3627,6.000135e-01
3628,6.000184e-01
3629,6.000201e-01
3630,6.000240e-01
3631,6.000338e-01
3632,6.000252e-01
3633,6.000182e-01
3634,6.000250e-01
3635,6.000239e-01
3636,6.000208e-01
3637,6.000187e-01
3638,6.000280e-01
3639,6.000327e-01
3640,6.000667e-01
3641,6.000077e-01
3642,5.999888e-01
3643,5.999604e-01
3644,5.999477e-01
3645,5.999500e-01
3646,5.999505e-01
3647,5.999545e-01
3648,5.999601e-01
3649,5.999625e-01
3650,5.999666e-01
3651,5.999663e-01
3652,5.999753e-01
3653,5.999732e-01
3654,5.999650e-01
3655,5.999539e-01
3656,5.999674e-01
3657,5.999639e-01
3658,5.999694e-01
3659,5.999774e-01
3660,5.999312e-01
3661,5.999080e-01
3662,5.999103e-01
3663,5.998764e-01
3664,5.998520e-01
3665,5.998600e-01
3666,5.998765e-01
3667,5.998835e-01
3668,5.998893e-01
3669,5.998979e-01
3670,5.999143e-01
3671,5.999022e-01
3672,5.998887e-01
3673,5.998857e-01
3674,5.998943e-01
3675,5.998945e-01
3676,5.998970e-01
3677,5.999058e-01
3678,5.999335e-01
3679,5.999407e-01
3680,5.999653e-01
3681,5.999571e-01
3682,5.999729e-01
3683,5.999826e-01
3684,5.999794e-01
3685,5.999861e-01
3686,5.999742e-01
3687,5.999891e-01
3688,5.999436e-01
3689,5.999113e-01
3690,5.998880e-01
3691,5.998106e-01
3692,5.997804e-01
3693,5.997699e-01
3694,5.997725e-01
3695,5.997837e-01
3696,5.997992e-01
3697,5.997768e-01
3698,5.997987e-01
3699,5.998152e-01
3700,5.998253e-01
3701,5.998904e-01
3702,5.998285e-01
3703,5.998009e-01
3704,5.998023e-01
3705,5.997975e-01
3706,5.998071e-01
3707,5.998142e-01
3708,5.998194e-01
3709,5.998157e-01
3710,5.998511e-01
3711,5.998652e-01
3712,5.998811e-01
3713,5.998874e-01
3714,5.998690e-01
3715,5.998364e-01
3716,5.998123e-01
3717,5.997981e-01
3718,5.998034e-01
3719,5.998111e-01
3720,5.998270e-01
3721,5.998376e-01
3722,5.998378e-01
3723,5.998508e-01
3724,5.998843e-01
3725,5.997907e-01
3726,5.997651e-01
3727,5.997370e-01
3728,5.997355e-01
3729,5.997419e-01
3730,5.997519e-01
3731,5.997749e-01
3732,5.997801e-01
3733,5.997883e-01
3734,5.998093e-01
3735,5.998196e-01
3736,5.998272e-01
3737,5.998478e-01
3738,5.998405e-01
3739,5.998133e-01
3740,5.998089e-01
3741,5.996495e-01
3742,5.996007e-01
3743,5.995659e-01
3744,5.995227e-01
3745,5.995218e-01
3746,5.994999e-01
3747,5.994952e-01
3748,5.995117e-01
3749,5.995598e-01
3750,5.995663e-01
3751,5.995927e-01
3752,5.996031e-01
3753,5.996211e-01
3754,5.996413e-01
3755,5.996667e-01
3756,5.996895e-01
3757,5.997083e-01
3758,5.997202e-01
3759,5.997372e-01
3760,5.997369e-01
3761,5.997419e-01
3762,5.997464e-01
3763,5.997587e-01
3764,5.997555e-01
3765,5.997612e-01
3766,5.997992e-01
3767,5.998108e-01
3768,5.998779e-01
3769,5.998787e-01
3770,5.998967e-01
3771,5.999042e-01
3772,5.999219e-01
3773,5.999260e-01
3774,5.999401e-01
3775,5.999127e-01
3776,5.998928e-01
3777,5.999063e-01
3778,5.999226e-01
3779,5.999333e-01
3780,5.999427e-01
3781,5.999569e-01
3782,5.999651e-01
3783,5.999653e-01
3784,5.999798e-01
3785,5.999897e-01
3786,6.000682e-01
3787,5.999991e-01
3788,6.000654e-01
3789,6.000423e-01
3790,6.000379e-01
3791,6.000440e-01
3792,6.000537e-01
3793,6.000654e-01
3794,6.000634e-01
3795,6.000737e-01
3796,6.000832e-01
3797,6.000883e-01
3798,6.000978e-01
3799,6.001024e-01
3800,6.001108e-01
3801,6.001046e-01
3802,6.000904e-01
3803,6.000941e-01
3804,6.000924e-01
3805,6.000958e-01
3806,6.000769e-01
3807,6.000838e-01
3808,6.000391e-01
3809,6.000224e-01
3810,6.000450e-01
3811,5.999557e-01
3812,5.999525e-01
3813,5.999559e-01
3814,5.999664e-01
3815,5.999728e-01
3816,5.999877e-01
3817,5.999940e-01
3818,5.999845e-01
3819,5.999897e-01
3820,5.999951e-01
3821,5.999885e-01
3822,5.999948e-01
3823,6.000031e-01
3824,6.000134e-01
3825,6.000261e-01
3826,6.000264e-01
3827,6.000344e-01
3828,6.000396e-01
3829,6.000367e-01
3830,6.000429e-01
3831,6.000249e-01
3832,6.000066e-01
3833,5.999749e-01
3834,5.999585e-01
3835,5.999109e-01
3836,5.999649e-01
3837,5.999887e-01
3838,6.000118e-01
3839,6.000162e-01
3840,6.000212e-01
3841,6.000388e-01
3842,6.000539e-01
3843,6.000705e-01
3844,5.999496e-01
3845,5.999718e-01
3846,5.999860e-01
3847,5.999727e-01
3848,5.999811e-01
3849,5.999774e-01
3850,5.999815e-01
3851,5.999891e-01
3852,5.999931e-01
3853,5.999961e-01
3854,6.000056e-01
3855,6.000028e-01
3856,6.000050e-01
3857,6.000171e-01
3858,6.000289e-01
3859,6.000253e-01
3860,5.999914e-01
3861,6.000121e-01
3862,6.000307e-01
3863,6.000345e-01
3864,6.000462e-01
3865,6.000459e-01
3866,6.000312e-01
3867,6.000755e-01
3868,6.000525e-01
3869,6.000455e-01
3870,5.999684e-01
3871,5.999562e-01
3872,5.999555e-01
3873,5.999591e-01
3874,5.999624e-01
3875,5.999681e-01
3876,5.999646e-01
3877,5.999667e-01
3878,5.999704e-01
3879,5.999837e-01
3880,5.999856e-01
3881,5.999895e-01
3882,5.999899e-01
3883,5.999867e-01
3884,5.999824e-01
3885,5.999877e-01
3886,5.999936e-01
3887,6.000036e-01
3888,6.000171e-01
3889,6.000296e-01
3890,6.000383e-01
3891,6.000344e-01
3892,6.000332e-01
3893,6.000459e-01
3894,6.000439e-01
3895,6.000639e-01
3896,6.000718e-01
3897,6.000416e-01
3898,6.000076e-01
3899,6.000228e-01
3900,6.000261e-01
3901,6.000515e-01
3902,6.000556e-01
3903,6.000538e-01
3904,6.000482e-01
3905,6.000609e-01
3906,6.000816e-01
3907,6.000909e-01
3908,6.000844e-01
3909,6.000976e-01
3910,6.000444e-01
3911,6.000494e-01
3912,6.000909e-01
3913,6.001036e-01
3914,6.000438e-01
3915,6.000762e-01
3916,6.000523e-01
3917,6.000484e-01
3918,6.000510e-01
3919,6.000440e-01
3920,6.000400e-01
3921,6.000397e-01
3922,6.000412e-01
3923,6.000436e-01
3924,6.000414e-01
3925,6.000423e-01
3926,6.000488e-01
3927,6.000575e-01
3928,6.000649e-01
3929,6.000593e-01
3930,6.000566e-01
3931,6.000566e-01
3932,6.000394e-01
3933,6.000359e-01
3934,6.000424e-01
3935,6.000361e-01
3936,6.000429e-01
3937,5.999981e-01
3938,5.999829e-01
3939,5.999436e-01
3940,5.999445e-01
3941,5.999529e-01
3942,5.999557e-01
3943,5.999541e-01
3944,5.999613e-01
3945,5.999702e-01
3946,5.999655e-01
3947,5.999739e-01
3948,5.999843e-01
3949,5.999938e-01
3950,5.999917e-01
3951,5.999965e-01
3952,6.000330e-01
3953,6.000466e-01
3954,6.000404e-01
3955,6.000569e-01
3956,6.000464e-01
3957,6.000420e-01
3958,6.000333e-01
3959,6.000034e-01
3960,5.999605e-01
3961,5.999441e-01
3962,5.999409e-01
3963,5.999423e-01
3964,5.999545e-01
3965,5.999588e-01
3966,5.999618e-01
3967,5.999573e-01
3968,5.999610e-01
3969,5.999631e-01
3970,5.999697e-01
3971,5.999698e-01
3972,5.999814e-01
3973,5.999890e-01
3974,5.999978e-01
3975,5.999908e-01
3976,6.000193e-01
3977,6.000228e-01
3978,6.000286e-01
3979,6.000323e-01
3980,6.000892e-01
3981,6.000892e-01
3982,6.000391e-01
3983,5.999506e-01
3984,5.999020e-01
3985,5.998928e-01
3986,5.998963e-01
3987,5.998999e-01
3988,5.998986e-01
3989,5.999112e-01
3990,5.999117e-01
3991,5.999247e-01
3992,5.999418e-01
3993,5.999649e-01
3994,5.999746e-01
3995,5.999857e-01
3996,5.999936e-01
3997,6.000066e-01
3998,6.000028e-01
3999,6.000034e-01
4000,5.999835e-01
4001,5.999531e-01
4002,5.998220e-01
4003,5.997588e-01
4004,5.997506e-01
4005,5.997674e-01
4006,5.997852e-01
4007,5.998019e-01
4008,5.998328e-01
4009,5.998535e-01
4010,5.998858e-01
4011,5.998996e-01
4012,5.999380e-01
4013,5.999793e-01
4014,6.000277e-01
4015,6.000623e-01
4016,6.000925e-01
4017,6.000874e-01
4018,6.000674e-01
4019,6.000777e-01
4020,6.000867e-01
4021,6.001162e-01
4022,6.001553e-01
4023,6.001718e-01
4024,6.001729e-01
4025,6.001609e-01
4026,6.001513e-01
4027,6.001643e-01
4028,6.001598e-01
4029,6.001509e-01
4030,6.001600e-01
4031,6.001076e-01
4032,6.001022e-01
4033,6.000382e-01
4034,6.000240e-01
4035,6.000310e-01
4036,6.000061e-01
4037,6.000022e-01
4038,5.999588e-01
4039,5.999445e-01
4040,5.999781e-01
4041,5.999494e-01
4042,5.999554e-01
4043,5.999570e-01
4044,5.999559e-01
4045,5.999454e-01
4046,5.999478e-01
4047,5.999672e-01
4048,5.999552e-01
4049,5.999928e-01
4050,5.999848e-01
4051,5.999873e-01
4052,5.999879e-01
4053,5.999830e-01
4054,5.999854e-01
4055,5.999812e-01
4056,5.999897e-01
4057,5.999882e-01
4058,5.999789e-01
4059,5.999963e-01
4060,6.000012e-01
4061,6.000097e-01
4062,6.000059e-01
4063,6.000094e-01
4064,5.999166e-01
4065,5.998238e-01
4066,5.997834e-01
4067,5.997828e-01
4068,5.997824e-01
4069,5.997851e-01
4070,5.997901e-01
4071,5.998282e-01
4072,5.998471e-01
4073,5.998626e-01
4074,5.998629e-01
4075,5.998673e-01
4076,5.998964e-01
4077,5.999146e-01
4078,5.999376e-01
4079,5.999509e-01
4080,5.999615e-01
4081,5.999715e-01
4082,5.999842e-01
4083,5.999973e-01
4084,6.000074e-01
4085,6.000100e-01
4086,6.000063e-01
4087,6.000469e-01
4088,6.000488e-01
4089,6.000360e-01
4090,6.000360e-01
4091,6.000333e-01
4092,6.000450e-01
4093,6.000479e-01
4094,6.000504e-01
4095,6.001222e-01
4096,6.001204e-01
4097,6.000465e-01
4098,6.000468e-01
4099,6.000666e-01
4100,6.000852e-01
4101,6.000893e-01
4102,6.000869e-01
4103,6.000893e-01
4104,6.000915e-01
4105,6.000852e-01
4106,6.000844e-01
4107,6.000837e-01
4108,6.000819e-01
4109,6.000698e-01
4110,6.000851e-01
4111,6.001005e-01
4112,6.001020e-01
4113,6.000965e-01
4114,6.000874e-01
4115,6.000881e-01
4116,6.001021e-01
4117,6.001136e-01
4118,6.001095e-01
4119,6.001136e-01
4120,6.001041e-01
4121,6.001366e-01
4122,6.001676e-01
4123,6.001447e-01
4124,6.001615e-01
4125,6.001502e-01
4126,6.001603e-01
4127,6.001627e-01
4128,6.001543e-01
4129,6.001459e-01
4130,6.001340e-01
4131,6.001306e-01
4132,6.001466e-01
4133,6.001424e-01
4134,6.001412e-01
4135,6.001366e-01
4136,6.001406e-01
4137,6.001468e-01
4138,6.001461e-01
4139,6.001353e-01
4140,6.001347e-01
4141,6.001379e-01
4142,6.001481e-01
4143,6.001480e-01
4144,6.001412e-01
4145,6.001341e-01
4146,6.001374e-01
4147,6.001155e-01
4148,5.999792e-01
4149,5.999479e-01
4150,5.999159e-01
4151,5.998984e-01
4152,5.998951e-01
4153,5.999088e-01
4154,5.999097e-01
4155,5.999235e-01
4156,5.999249e-01
4157,5.999225e-01
4158,5.999166e-01
4159,5.999101e-01
4160,5.999193e-01
4161,5.999289e-01
4162,5.999377e-01
4163,5.999467e-01
4164,5.999553e-01
4165,5.999645e-01
4166,5.999652e-01
4167,5.999366e-01
4168,5.999342e-01
4169,5.999268e-01
4170,5.999239e-01
4171,5.999162e-01
4172,5.999306e-01
4173,5.999390e-01
4174,5.999265e-01
4175,5.999273e-01
4176,5.999119e-01
4177,5.999421e-01
4178,5.999358e-01
4179,5.998993e-01
4180,5.999289e-01
4181,5.999387e-01
4182,5.999723e-01
4183,5.999634e-01
4184,5.999652e-01
4185,5.999740e-01
4186,5.999753e-01
4187,5.999774e-01
4188,5.999844e-01
4189,5.999822e-01
4190,5.999926e-01
4191,5.999664e-01
4192,6.000283e-01
4193,6.000004e-01
4194,5.999427e-01
4195,5.998914e-01
4196,5.998585e-01
4197,5.998502e-01
4198,5.998434e-01
4199,5.998436e-01
4200,5.998454e-01
4201,5.998456e-01
4202,5.998461e-01
4203,5.998527e-01
4204,5.998716e-01
4205,5.998858e-01
4206,5.999056e-01
4207,5.999196e-01
4208,5.999081e-01
4209,5.999048e-01
4210,5.999079e-01
4211,5.999191e-01
4212,5.998645e-01
4213,5.998799e-01
4214,5.999095e-01
4215,5.999324e-01
4216,5.999588e-01
4217,5.999537e-01
4218,5.998987e-01
4219,5.998864e-01
4220,5.998797e-01
4221,5.998779e-01
4222,5.998632e-01
4223,5.998697e-01
4224,5.998726e-01
4225,5.998792e-01
4226,5.999085e-01
4227,5.999213e-01
4228,5.999373e-01
4229,5.999572e-01
4230,5.999637e-01
4231,5.999540e-01
4232,5.999763e-01
4233,6.000199e-01
4234,6.000428e-01
4235,6.000400e-01
4236,6.000409e-01
4237,6.000478e-01
4238,6.000426e-01
4239,6.000361e-01
4240,6.000333e-01
4241,6.000391e-01
4242,6.000518e-01
4243,6.000448e-01
4244,6.000101e-01
4245,5.999887e-01
4246,6.000192e-01
4247,5.999511e-01
4248,5.999758e-01
4249,5.999631e-01
4250,5.999604e-01
4251,5.999479e-01
4252,5.999507e-01
4253,5.999568e-01
4254,5.999530e-01
4255,5.999666e-01
4256,5.999775e-01
4257,5.999774e-01
4258,5.999936e-01
4259,6.000176e-01
4260,6.000647e-01
4261,6.000796e-01
4262,6.001266e-01
4263,6.001405e-01
4264,6.001658e-01
4265,6.001822e-01
4266,6.001847e-01
4267,6.001800e-01
4268,6.001896e-01
4269,6.001907e-01
4270,6.001895e-01
4271,6.001699e-01
4272,6.001991e-01
4273,6.001929e-01
4274,6.001908e-01
4275,6.001965e-01
4276,6.001955e-01
4277,6.001962e-01
4278,6.001959e-01
4279,6.001948e-01
4280,6.001914e-01
4281,6.001973e-01
4282,6.001883e-01
4283,6.001844e-01
4284,6.001786e-01
4285,6.001738e-01
4286,6.001633e-01
4287,6.001608e-01
4288,6.001586e-01
4289,6.001516e-01
4290,6.001521e-01
4291,6.001518e-01
4292,6.001537e-01
4293,6.001617e-01
4294,6.001761e-01
4295,6.001544e-01
4296,6.001835e-01
4297,6.001617e-01
4298,6.001620e-01
4299,6.001659e-01
4300,6.001841e-01
4301,6.001893e-01
4302,6.001816e-01
4303,6.001840e-01
4304,6.001769e-01
4305,6.001981e-01
4306,6.001999e-01
4307,6.002065e-01
4308,6.001888e-01
4309,6.001213e-01
4310,6.001075e-01
4311,6.001083e-01
4312,6.001135e-01
4313,6.000471e-01
4314,6.000423e-01
4315,6.000259e-01
4316,6.000138e-01
4317,6.000029e-01
4318,6.000090e-01
4319,6.000203e-01
4320,5.999491e-01
4321,5.999060e-01
4322,5.998950e-01
4323,5.998921e-01
4324,5.998877e-01
4325,5.998783e-01
4326,5.998811e-01
4327,5.998865e-01
4328,5.998921e-01
4329,5.999022e-01
4330,5.999147e-01
4331,5.999210e-01
4332,5.999246e-01
4333,5.999160e-01
4334,5.999396e-01
4335,5.999714e-01
4336,5.999870e-01
4337,5.999993e-01
4338,5.999748e-01
4339,5.999487e-01
4340,5.999490e-01
4341,5.999435e-01
4342,5.999272e-01
4343,5.999520e-01
4344,6.000066e-01
4345,6.000227e-01
4346,6.000203e-01
4347,6.000236e-01
4348,6.000011e-01
4349,6.000199e-01
4350,5.999904e-01
4351,5.999466e-01
4352,5.999620e-01
4353,5.999616e-01
4354,5.999703e-01
4355,6.000075e-01
4356,6.000139e-01
4357,6.000175e-01
4358,6.000201e-01
4359,6.000257e-01
4360,6.000304e-01
4361,6.000407e-01
4362,6.000381e-01
4363,6.000350e-01
4364,6.000436e-01
4365,6.000497e-01
4366,6.000682e-01
4367,6.001176e-01
4368,6.000662e-01
4369,6.001048e-01
4370,6.001220e-01
4371,6.001186e-01
4372,6.001229e-01
4373,6.001220e-01
4374,6.001236e-01
4375,6.001254e-01
4376,6.001293e-01
4377,6.001589e-01
4378,6.001325e-01
4379,6.001260e-01
4380,6.001164e-01
4381,6.001056e-01
4382,6.000983e-01
4383,6.000895e-01
4384,6.000865e-01
4385,6.000710e-01
4386,6.000836e-01
4387,6.000723e-01
4388,6.000369e-01
4389,6.000192e-01
4390,6.000156e-01
4391,5.999947e-01
4392,5.999840e-01
4393,5.999708e-01
4394,6.000084e-01
4395,6.000062e-01
4396,6.000082e-01
4397,6.000342e-01
4398,6.000159e-01
4399,6.000245e-01
4400,6.000139e-01
4401,5.999949e-01
4402,6.000388e-01
4403,6.000435e-01
4404,6.000413e-01
4405,6.000534e-01
4406,6.000356e-01
4407,5.999457e-01
4408,5.998781e-01
4409,5.998330e-01
4410,5.998105e-01
4411,5.998337e-01
4412,5.998485e-01
4413,5.998629e-01
4414,5.998628e-01
4415,5.998718e-01
4416,5.998801e-01
4417,5.998753e-01
4418,5.998815e-01
4419,5.998837e-01
4420,5.998940e-01
4421,5.999011e-01
4422,5.999013e-01
4423,5.999061e-01
4424,5.999086e-01
4425,5.999358e-01
4426,5.998608e-01
4427,5.999050e-01
4428,5.999181e-01
4429,5.999352e-01
4430,5.999348e-01
4431,5.999325e-01
4432,5.999632e-01
4433,5.999746e-01
4434,6.000087e-01
4435,6.000236e-01
4436,6.000206e-01
4437,6.000335e-01
4438,6.000771e-01
4439,6.001018e-01
4440,6.001435e-01
4441,6.001692e-01
4442,6.001877e-01
4443,6.001987e-01
4444,6.001890e-01
4445,6.001818e-01
4446,6.001746e-01
4447,6.001501e-01
4448,6.001629e-01
4449,6.001888e-01
4450,6.002089e-01
4451,6.002007e-01
4452,6.001604e-01
4453,6.001941e-01
4454,6.002224e-01
4455,6.001740e-01
4456,6.001168e-01
4457,6.000816e-01
4458,6.000638e-01
4459,6.000531e-01
4460,6.000597e-01
4461,6.000488e-01
4462,6.000544e-01
4463,6.000658e-01
4464,6.000279e-01
4465,6.000684e-01
4466,6.001014e-01
4467,6.001406e-01
4468,6.000915e-01
4469,6.001252e-01
4470,6.001452e-01
4471,6.001493e-01
4472,6.001545e-01
4473,6.001504e-01
4474,6.001458e-01
4475,6.001483e-01
4476,6.001427e-01
4477,6.001409e-01
4478,6.001399e-01
4479,6.001291e-01
4480,6.001250e-01
4481,6.001219e-01
4482,6.001244e-01
4483,6.001188e-01
4484,6.000923e-01
4485,6.001056e-01
4486,6.001124e-01
4487,6.001052e-01
4488,6.000984e-01
4489,6.001002e-01
4490,6.001084e-01
4491,6.001076e-01
4492,6.001377e-01
4493,6.001750e-01
4494,6.001769e-01
4495,6.001811e-01
4496,6.001736e-01
4497,6.001620e-01
4498,6.001706e-01
4499,6.001530e-01
4500,6.001572e-01
4501,6.001564e-01
4502,6.001960e-01
4503,6.001613e-01
4504,6.001203e-01
4505,6.000381e-01
4506,5.999706e-01
4507,5.999636e-01
4508,5.999766e-01
4509,5.999768e-01
4510,5.999830e-01
4511,5.999848e-01
4512,5.999682e-01
4513,5.999984e-01
4514,5.999803e-01
4515,6.000530e-01
4516,6.000102e-01
4517,6.000663e-01
4518,6.000770e-01
4519,6.001022e-01
4520,6.001039e-01
4521,6.001174e-01
4522,6.001136e-01
4523,6.001204e-01
4524,6.001214e-01
4525,6.001087e-01
4526,6.001254e-01
4527,6.001415e-01
4528,6.001443e-01
4529,6.001276e-01
4530,6.001185e-01
4531,6.001250e-01
4532,6.001205e-01
4533,6.001210e-01
4534,6.001444e-01
4535,6.001590e-01
4536,6.001744e-01
4537,6.002156e-01
4538,6.002457e-01
4539,6.003098e-01
4540,6.003419e-01
4541,6.003320e-01
4542,6.003441e-01
4543,6.002970e-01
4544,6.002753e-01
4545,6.002802e-01
4546,6.002706e-01
4547,6.002657e-01
4548,6.002806e-01
4549,6.002389e-01
4550,6.002142e-01
4551,6.001834e-01
4552,6.001835e-01
4553,6.001841e-01
4554,6.001946e-01
4555,6.002106e-01
4556,6.001738e-01
4557,6.001768e-01
4558,6.001978e-01
4559,6.001983e-01
4560,6.001887e-01
4561,6.001824e-01
4562,6.001797e-01
4563,6.001703e-01
4564,6.001697e-01
4565,6.001787e-01
4566,6.001717e-01
4567,6.001670e-01
4568,6.001589e-01
4569,6.001678e-01
4570,6.001620e-01
4571,6.001632e-01
4572,6.001586e-01
4573,6.001378e-01
4574,6.001256e-01
4575,6.001322e-01
4576,6.001315e-01
4577,6.001393e-01
4578,6.000987e-01
4579,6.001984e-01
4580,6.001293e-01
4581,6.001930e-01
4582,6.002098e-01
4583,6.002176e-01
4584,6.002199e-01
4585,6.002164e-01
4586,6.002052e-01
4587,6.001874e-01
4588,6.001893e-01
4589,6.002421e-01
4590,6.002490e-01
4591,6.002396e-01
4592,6.002259e-01
4593,6.002169e-01
4594,6.002174e-01
4595,6.002090e-01
4596,6.002212e-01
4597,6.002219e-01
4598,6.002170e-01
4599,6.002023e-01
4600,6.001986e-01
4601,6.001761e-01
4602,6.001815e-01
4603,6.002041e-01
4604,6.002064e-01
4605,6.001891e-01
4606,6.001783e-01
4607,6.001760e-01
4608,6.001691e-01
4609,6.002024e-01
4610,6.002194e-01
4611,6.002486e-01
4612,6.002534e-01
4613,6.002590e-01
4614,6.002968e-01
4615,6.002666e-01
4616,6.002622e-01
4617,6.002340e-01
4618,6.001961e-01
4619,6.001706e-01
4620,6.001487e-01
4621,6.001319e-01
4622,6.001252e-01
4623,6.001184e-01
4624,6.001100e-01
4625,6.001028e-01
4626,6.001171e-01
4627,6.001148e-01
4628,6.001166e-01
4629,6.001196e-01
4630,6.001225e-01
4631,6.001153e-01
4632,6.001274e-01
4633,6.001325e-01
4634,6.001186e-01
4635,6.001357e-01
4636,6.001372e-01
4637,6.001362e-01
4638,6.001261e-01
4639,6.001257e-01
4640,6.001281e-01
4641,6.001284e-01
4642,6.001468e-01
4643,6.001363e-01
4644,6.001078e-01
4645,6.000966e-01
4646,6.000995e-01
4647,6.000571e-01
4648,6.000103e-01
4649,6.000111e-01
4650,6.000254e-01
4651,6.000547e-01
4652,6.000785e-01
4653,6.000862e-01
4654,6.000971e-01
4655,6.000878e-01
4656,6.001023e-01
4657,6.001168e-01
4658,6.001251e-01
4659,6.001200e-01
4660,6.001171e-01
4661,6.001264e-01
4662,6.001233e-01
4663,6.001338e-01
4664,6.001323e-01
4665,6.001421e-01
4666,6.001347e-01
4667,6.001408e-01
4668,6.001394e-01
4669,6.001301e-01
4670,6.001179e-01
4671,6.001239e-01
4672,6.001334e-01
4673,6.001316e-01
4674,6.001393e-01
4675,6.001085e-01
4676,6.000895e-01
4677,6.000721e-01
4678,6.000476e-01
4679,6.000738e-01
4680,6.001045e-01
4681,6.001277e-01
4682,6.001235e-01
4683,6.001337e-01
4684,6.001408e-01
4685,6.001601e-01
4686,6.001537e-01
4687,6.001565e-01
4688,6.001345e-01
4689,6.001626e-01
4690,6.001486e-01
4691,6.001340e-01
4692,6.001319e-01
4693,6.001081e-01
4694,6.000994e-01
4695,6.000935e-01
4696,6.000941e-01
4697,6.000988e-01
4698,6.001060e-01
4699,6.001091e-01
4700,6.001266e-01
4701,6.001275e-01
4702,6.001233e-01
4703,6.001156e-01
4704,6.001425e-01
4705,6.001271e-01
4706,6.001385e-01
4707,6.001433e-01
4708,6.001475e-01
4709,6.001546e-01
4710,6.001495e-01
4711,6.001785e-01
4712,6.001188e-01
4713,6.001312e-01
4714,6.001443e-01
4715,6.000825e-01
4716,6.000659e-01
4717,6.000575e-01
4718,6.000548e-01
4719,6.000572e-01
4720,6.000658e-01
4721,6.000582e-01
4722,6.000467e-01
4723,5.999838e-01
4724,5.999730e-01
4725,5.999317e-01
4726,5.999062e-01
4727,5.998898e-01
4728,5.998946e-01
4729,5.999234e-01
4730,5.999427e-01
4731,5.999559e-01
4732,5.999703e-01
4733,5.999497e-01
4734,5.999528e-01
4735,6.000104e-01
4736,6.000001e-01
4737,6.000057e-01
4738,6.000072e-01
4739,6.000228e-01
4740,6.000307e-01
4741,6.000444e-01
4742,6.000562e-01
4743,6.000645e-01
4744,6.000737e-01
4745,6.000606e-01
4746,6.000518e-01
4747,6.000596e-01
4748,6.000698e-01
4749,6.000839e-01
4750,6.000910e-01
4751,6.000705e-01
4752,6.000442e-01
4753,6.000313e-01
4754,6.000968e-01
4755,6.000320e-01
4756,6.000037e-01
4757,6.000087e-01
4758,6.000094e-01
4759,6.000176e-01
4760,6.000023e-01
4761,6.000256e-01
4762,6.000200e-01
4763,6.000226e-01
4764,6.000216e-01
4765,6.000240e-01
4766,6.000260e-01
4767,6.000341e-01
4768,6.000364e-01
4769,6.000345e-01
4770,6.000226e-01
4771,6.000309e-01
4772,6.000171e-01
4773,6.000545e-01
4774,6.000819e-01
4775,6.000776e-01
4776,6.000112e-01
4777,5.999740e-01
4778,5.999721e-01
4779,5.999933e-01
4780,5.999987e-01
4781,5.999981e-01
4782,5.999923e-01
4783,5.999875e-01
4784,5.999915e-01
4785,5.999970e-01
4786,6.000020e-01
4787,6.000076e-01
4788,6.000159e-01
4789,6.000175e-01
4790,5.999960e-01
4791,5.999879e-01
4792,5.999880e-01
4793,5.999886e-01
4794,5.999906e-01
4795,5.999885e-01
4796,5.999832e-01
4797,5.999809e-01
4798,5.999734e-01
4799,5.999809e-01
4800,5.999807e-01
4801,5.999773e-01
4802,6.000491e-01
4803,6.000120e-01
4804,6.000618e-01
4805,6.001043e-01
4806,6.001118e-01
4807,6.001363e-01
4808,6.001465e-01
4809,6.001499e-01
4810,6.001456e-01
4811,6.001446e-01
4812,6.001418e-01
4813,6.001401e-01
4814,6.001505e-01
4815,6.001478e-01
4816,6.001560e-01
4817,6.001727e-01
4818,6.001781e-01
4819,6.001770e-01
4820,6.001574e-01
4821,6.001638e-01
4822,6.001501e-01
4823,6.001467e-01
4824,6.001298e-01
4825,6.001147e-01
4826,6.001138e-01
4827,6.000898e-01
4828,6.000862e-01
4829,6.000751e-01
4830,6.000600e-01
4831,6.000569e-01
4832,6.000733e-01
4833,6.001179e-01
4834,6.001290e-01
4835,6.001213e-01
4836,6.001129e-01
4837,6.001320e-01
4838,6.001107e-01
4839,6.001077e-01
4840,6.001407e-01
4841,6.001541e-01
4842,6.001608e-01
4843,6.001539e-01
4844,6.001328e-01
4845,6.001289e-01
4846,6.001076e-01
4847,6.001077e-01
4848,6.000933e-01
4849,6.001078e-01
4850,6.001016e-01
4851,6.000307e-01
4852,6.000430e-01
4853,6.000167e-01
4854,5.999954e-01
4855,6.000161e-01
4856,6.000637e-01
4857,6.000458e-01
4858,6.000122e-01
4859,5.999990e-01
4860,6.000348e-01
4861,6.000262e-01
4862,6.000236e-01
4863,6.000148e-01
4864,6.000183e-01
4865,6.000183e-01
4866,6.000211e-01
4867,6.000223e-01
4868,6.000208e-01
4869,6.000300e-01
4870,6.000400e-01
4871,6.000422e-01
4872,6.000432e-01
4873,6.000398e-01
4874,6.000414e-01
4875,6.000275e-01
4876,6.000217e-01
4877,6.000176e-01
4878,6.000449e-01
4879,6.000416e-01
4880,6.000233e-01
4881,5.999882e-01
4882,6.000214e-01
4883,5.999945e-01
4884,5.999498e-01
4885,5.999442e-01
4886,5.999402e-01
4887,5.999469e-01
4888,5.999559e-01
4889,5.999666e-01
4890,5.999601e-01
4891,5.999520e-01
4892,5.999513e-01
4893,5.999406e-01
4894,5.999553e-01
4895,5.999309e-01
4896,5.999414e-01
4897,5.999243e-01
4898,5.999271e-01
4899,5.999171e-01
4900,5.999327e-01
4901,5.999383e-01
4902,5.999435e-01
4903,5.999675e-01
4904,5.998470e-01
4905,5.997655e-01
4906,5.997599e-01
4907,5.997648e-01
4908,5.997472e-01
4909,5.997593e-01
4910,5.997574e-01
4911,5.997432e-01
4912,5.997614e-01
4913,5.997908e-01
4914,5.998078e-01
4915,5.997857e-01
4916,5.997926e-01
4917,5.997987e-01
4918,5.998144e-01
4919,5.998237e-01
4920,5.998259e-01
4921,5.998294e-01
4922,5.998034e-01
4923,5.998145e-01
4924,5.998009e-01
4925,5.998126e-01
4926,5.998156e-01
4927,5.998245e-01
4928,5.998251e-01
4929,5.998095e-01
4930,5.998185e-01
4931,5.998206e-01
4932,5.998161e-01
4933,5.997995e-01
4934,5.997883e-01
4935,5.998453e-01
4936,5.998164e-01
4937,5.998679e-01
4938,5.998216e-01
4939,5.998297e-01
4940,5.998470e-01
4941,5.998505e-01
4942,5.998514e-01
4943,5.998501e-01
4944,5.998540e-01
4945,5.998698e-01
4946,5.998350e-01
4947,5.998854e-01
4948,5.999037e-01
4949,5.999149e-01
4950,5.999158e-01
4951,5.999280e-01
4952,5.999383e-01
4953,5.999390e-01
4954,5.999459e-01
4955,5.999358e-01
4956,5.999391e-01
4957,5.999535e-01
4958,5.999523e-01
4959,5.999573e-01
4960,5.999715e-01
4961,5.999782e-01
4962,5.999786e-01
4963,5.999857e-01
4964,5.999948e-01
4965,5.999872e-01
4966,5.999902e-01
4967,5.999686e-01
4968,5.999992e-01
4969,6.000637e-01
4970,6.001199e-01
4971,6.001348e-01
4972,6.001412e-01
4973,6.001421e-01
4974,6.001424e-01
4975,6.001328e-01
4976,6.001250e-01
4977,6.001265e-01
4978,6.001264e-01
4979,6.001232e-01
4980,6.001247e-01
4981,6.001210e-01
4982,6.001220e-01
4983,6.001197e-01
4984,6.001123e-01
4985,6.001106e-01
4986,6.001180e-01
4987,6.000944e-01
4988,6.000822e-01
4989,6.000653e-01
4990,5.999983e-01
4991,5.999472e-01
4992,5.999281e-01
4993,5.999093e-01
4994,5.999494e-01
4995,5.999923e-01
4996,6.000214e-01
4997,6.000329e-01
4998,6.000393e-01
4999,6.000394e-01
