epoch,internal/smma_improvement,lr-Adam,step,train/beta,train/data_loss,train/ic_loss,train/pde_loss,train/total_loss,train/total_loss_smma,val/si_re
,,0.001,0,,,,,,,
0,,,60,0.47123831510543823,0.014463985338807106,0.07675155997276306,0.007628479041159153,0.09884403645992279,,0.7451490759849548
,,0.001,61,,,,,,,
1,,,121,0.4449005424976349,0.005634269677102566,0.00010346666385885328,2.758145274128765e-05,0.005765317007899284,,0.6064651012420654
,,0.001,122,,,,,,,
2,,,182,0.43618106842041016,0.008039195090532303,8.195465488824993e-05,0.0002847527211997658,0.008405905216932297,,0.4476111829280853
,,0.001,183,,,,,,,
3,,,243,0.4292141795158386,0.004733654670417309,6.480790761997923e-05,5.1439939852571115e-05,0.004849901422858238,,0.429874062538147
,,0.001,244,,,,,,,
4,,,304,0.42448848485946655,0.004927454516291618,4.306080882088281e-05,2.8147227567387745e-05,0.004998662043362856,,0.4196016192436218
,,0.001,305,,,,,,,
5,,,365,0.41944676637649536,0.006532796658575535,3.362479401403107e-05,3.955103602493182e-05,0.00660597113892436,,0.6024977564811707
,,0.001,366,,,,,,,
6,,,426,0.41608279943466187,0.007196619641035795,3.134885264444165e-05,2.8864305932074785e-05,0.007256833836436272,,0.39129284024238586
,,0.001,427,,,,,,,
7,,,487,0.4115588963031769,0.005119523964822292,2.7391435651225038e-05,1.3444468095258344e-05,0.005160358268767595,,0.39307695627212524
,,0.001,488,,,,,,,
8,,,548,0.4075522720813751,0.00471112597733736,2.0185954781481996e-05,1.2019878340652213e-05,0.004743332043290138,,0.34954220056533813
,,0.001,549,,,,,,,
9,,,609,0.4039202332496643,0.005790369585156441,1.5735247870907187e-05,9.442595001019072e-06,0.005815547425299883,,0.35452190041542053
,,0.001,610,,,,,,,
10,,,670,0.39989835023880005,0.005358771421015263,1.4454248230322264e-05,1.261810029973276e-05,0.005385844502598047,,0.3557044565677643
,,0.001,671,,,,,,,
11,,,731,0.3961644768714905,0.005964945070445538,1.1687689038808458e-05,1.0602077963994816e-05,0.005987234879285097,,0.3479750454425812
,,0.001,732,,,,,,,
12,,,792,0.3926008939743042,0.007432081736624241,1.1676049325615168e-05,1.0561147064436227e-05,0.007454318460077047,,0.34829676151275635
,,0.001,793,,,,,,,
13,,,853,0.38877633213996887,0.005283638369292021,9.126039913098793e-06,1.275487920793239e-05,0.005305518861860037,,0.3412961959838867
,,0.001,854,,,,,,,
14,,,914,0.38498586416244507,0.004848275799304247,7.179778549470939e-06,7.79932724981336e-06,0.004863253328949213,,0.4241248369216919
,,0.001,915,,,,,,,
15,,,975,0.3816893994808197,0.0057018776424229145,6.317824500001734e-06,9.467722520639654e-06,0.0057176630944013596,,0.3310617208480835
,,0.001,976,,,,,,,
16,,,1036,0.3779546916484833,0.005071138963103294,5.749379852204584e-06,8.116542630887125e-06,0.005085005424916744,,0.4367014467716217
,,0.001,1037,,,,,,,
17,,,1097,0.37516313791275024,0.005697054788470268,5.163667537999572e-06,8.20144032331882e-06,0.005710420198738575,,0.317300945520401
,,0.001,1098,,,,,,,
18,,,1158,0.3708800971508026,0.0055952295660972595,1.5495152183575556e-05,2.3481818061554804e-05,0.005634208209812641,,0.3177955448627472
,,0.001,1159,,,,,,,
19,,,1219,0.3670845627784729,0.004931177478283644,4.467394774110289e-06,9.258426871383563e-06,0.004944903310388327,,0.405752032995224
,,0.001,1220,,,,,,,
20,,,1280,0.36351853609085083,0.004898932296782732,3.9565475162817165e-06,5.873595455341274e-06,0.004908762406557798,,0.3470517694950104
,,0.001,1281,,,,,,,
21,,,1341,0.3595370650291443,0.005509643349796534,3.786788511206396e-06,1.0004065188695677e-05,0.00552343437448144,,0.32852157950401306
,,0.001,1342,,,,,,,
22,,,1402,0.3554408848285675,0.005167003255337477,3.603097638915642e-06,6.613587174797431e-06,0.005177218466997147,,0.3607623875141144
,,0.001,1403,,,,,,,
23,,,1463,0.35192734003067017,0.004972761496901512,3.1951090022630524e-06,6.98316034686286e-06,0.004982939921319485,,0.5029235482215881
,,0.001,1464,,,,,,,
24,,,1524,0.34829697012901306,0.005584872793406248,3.37125311489217e-06,8.263166819233447e-06,0.005596506409347057,,0.4056618809700012
,,0.001,1525,,,,,,,
25,,,1585,0.3449740707874298,0.004883989226073027,2.8620333978324197e-06,8.95844459591899e-06,0.004895809572190046,,0.3422350287437439
,,0.001,1586,,,,,,,
26,,,1646,0.34063589572906494,0.005781074520200491,2.6516975140111754e-06,8.149893801601138e-06,0.005791875999420881,,0.3719501793384552
,,0.001,1647,,,,,,,
27,,,1707,0.33712854981422424,0.005011247470974922,2.321990450582234e-06,8.554929991078097e-06,0.005022123921662569,,0.3675937354564667
,,0.001,1708,,,,,,,
28,,,1768,0.3330231308937073,0.00617842236533761,2.637018724271911e-06,7.4931435847247485e-06,0.006188553757965565,,0.4441984295845032
,,0.001,1769,,,,,,,
29,,,1829,0.32994136214256287,0.004961283877491951,2.1043099422968226e-06,5.4966726565908175e-06,0.004968883469700813,,0.3745679259300232
,,0.001,1830,,,,,,,
30,,,1890,0.3259536325931549,0.0054574524983763695,2.0122558908042265e-06,7.341051059484016e-06,0.005466806702315807,,0.40916356444358826
,,0.001,1891,,,,,,,
31,,,1951,0.3229687213897705,0.00427728658542037,1.9568201423680875e-06,5.161376975593157e-06,0.004284405615180731,,0.4510737955570221
,,0.001,1952,,,,,,,
32,,,2012,0.3195515275001526,0.004608236253261566,1.9818905911961338e-06,6.288004442467354e-06,0.004616506863385439,,0.5898452401161194
,,0.001,2013,,,,,,,
33,,,2073,0.3164987862110138,0.0049500311724841595,1.9026658719667466e-06,5.568834239966236e-06,0.0049575031735002995,,0.4477976858615875
,,0.001,2074,,,,,,,
34,,,2134,0.3128718137741089,0.004575853236019611,1.7624549855099758e-06,5.025820428272709e-06,0.004582641180604696,,0.4785862863063812
,,0.001,2135,,,,,,,
35,,,2195,0.3105393052101135,0.0044229659251868725,1.7146376194432378e-06,6.812861556682037e-06,0.004431493580341339,,0.51422119140625
,,0.001,2196,,,,,,,
36,,,2256,0.3080100417137146,0.005078619811683893,1.940102947628475e-06,6.256148481043056e-06,0.005086815916001797,,0.42180079221725464
,,0.001,2257,,,,,,,
37,,,2317,0.3026258051395416,0.005062969867140055,1.6727000911487266e-05,5.459633393911645e-05,0.005134293809533119,,0.5983521938323975
,,0.001,2318,,,,,,,
38,,,2378,0.2995264530181885,0.005241028033196926,1.5755964568597847e-06,5.704011073248694e-06,0.005248306784778833,,0.39837273955345154
,,0.001,2379,,,,,,,
39,,,2439,0.2961362898349762,0.004176871385425329,1.2679778365054517e-06,5.064870038040681e-06,0.0041832043789327145,,0.3995174765586853
,,0.001,2440,,,,,,,
40,,,2500,0.2916777729988098,0.005417823791503906,1.3987535112391924e-06,1.0345403097744565e-05,0.00542956730350852,,0.3984527885913849
,,0.001,2501,,,,,,,
41,,,2561,0.28909236192703247,0.005284682381898165,1.4029569683771115e-06,7.88375564297894e-06,0.005293968599289656,,0.42515990138053894
,,0.001,2562,,,,,,,
42,,,2622,0.2888052463531494,0.0052935355342924595,1.261961415366386e-06,5.431272256828379e-06,0.005300228018313646,,0.44457554817199707
,,0.001,2623,,,,,,,
43,,,2683,0.2883487045764923,0.00453755771741271,1.2244960316820652e-06,4.942794021189911e-06,0.004543724469840527,,0.4534415900707245
,,0.001,2684,,,,,,,
44,,,2744,0.28733065724372864,0.004563018213957548,1.1667677881632699e-06,2.9665586680494016e-06,0.004567151889204979,,0.5064791440963745
,,0.001,2745,,,,,,,
45,,,2805,0.28715869784355164,0.004155981820076704,1.4043059763935162e-06,9.525553650746588e-06,0.004166911821812391,,0.36209043860435486
,,0.001,2806,,,,,,,
46,,,2866,0.2829762101173401,0.0045460243709385395,2.3676832370256307e-06,2.587025119282771e-05,0.004574263468384743,,0.32235872745513916
,,0.001,2867,,,,,,,
47,,,2927,0.2714294493198395,0.0036688714753836393,0.00044682633597403765,0.0002163456956623122,0.0043320441618561745,,0.6399522423744202
,,0.001,2928,,,,,,,
48,,,2988,0.2572905719280243,0.005921064410358667,3.5870505143975606e-06,5.203380715101957e-05,0.005976684857159853,,0.5752375721931458
,,0.001,2989,,,,,,,
49,,,3049,0.24487018585205078,0.004992214497178793,1.1537700856933952e-06,1.55887446453562e-05,0.005008956883102655,,0.6462035775184631
,,0.001,3050,,,,,,,
50,,,3110,0.23805055022239685,0.005180053878575563,1.232362365044537e-06,1.0382336768088862e-05,0.0051916674710810184,0.00713583966717124,0.5477028489112854
,,0.001,3111,,,,,,,
51,,,3171,0.23655061423778534,0.005582040641456842,1.076825014934002e-06,6.904540441610152e-06,0.005590022075921297,0.007104923017323017,0.5286580324172974
,,0.001,3172,,,,,,,
52,,,3232,0.23270492255687714,0.005083237774670124,1.2081178510925383e-06,1.683075061009731e-05,0.005101276561617851,0.007064850069582462,0.589285135269165
,,0.001,3233,,,,,,,
53,,,3293,0.23177601397037506,0.0047204154543578625,1.2798112720702193e-06,8.858152796165086e-06,0.004730553366243839,0.00701816426590085,0.5681713819503784
,,0.001,3294,,,,,,,
54,,,3354,0.23394806683063507,0.0047505805268883705,1.2868199519289192e-06,5.421992227638839e-06,0.0047572897747159,0.00697294669225812,0.585261881351471
,,0.001,3355,,,,,,,
55,,,3415,0.23472513258457184,0.005523374769836664,1.3021191307416302e-06,1.0388812370365486e-05,0.005535065662115812,0.006944189313799143,0.6018122434616089
,,0.001,3416,,,,,,,
56,,,3476,0.23406429588794708,0.005342704709619284,1.3107560334901791e-06,1.2052345482516102e-05,0.005356067791581154,0.006912426557391882,0.582714855670929
,,0.001,3477,,,,,,,
57,,,3537,0.23269739747047424,0.005655921064317226,1.3065968005321338e-06,1.2599977708305232e-05,0.005669828038662672,0.006887574680149555,0.47008734941482544
,,0.001,3538,,,,,,,
58,,,3598,0.22818386554718018,0.0037556139286607504,1.4796329423916177e-06,8.553462066629436e-06,0.0037656466010957956,0.00682513602077961,0.5269953012466431
,,0.001,3599,,,,,,,
59,,,3659,0.2243366688489914,0.005004046950489283,1.774406200638623e-06,4.1888473788276315e-05,0.005047709681093693,0.006789587438106537,0.400878369808197
,,0.001,3660,,,,,,,
60,,,3720,0.21443970501422882,0.00498720770701766,2.091697751893662e-06,1.5579913451801986e-05,0.005004879552870989,0.006753893569111824,0.5348070859909058
,,0.001,3721,,,,,,,
61,,,3781,0.2140553593635559,0.0029936449136584997,2.4824892079777783e-06,2.528961886127945e-05,0.0030214162543416023,0.006679243873804808,0.4952297806739807
,,0.001,3782,,,,,,,
62,,,3842,0.21504834294319153,0.0029495153576135635,2.914494416472735e-06,1.7758608009899035e-05,0.002970188157632947,0.006605062633752823,0.49290257692337036
,,0.001,3843,,,,,,,
63,,,3903,0.21376824378967285,0.0030212190467864275,3.4335616874159314e-06,2.4508424758096226e-05,0.003049160586670041,0.006533944979310036,0.5011351704597473
,,0.001,3904,,,,,,,
64,,,3964,0.21135635673999786,0.0035448733251541853,3.7348090700106695e-06,3.1043386115925387e-05,0.0035796514712274075,0.006474859081208706,0.4244222640991211
,,0.001,3965,,,,,,,
65,,,4025,0.20629563927650452,0.0023292223922908306,5.260774287307868e-06,2.493444480933249e-05,0.0023594172671437263,0.006392550189048052,0.5776512622833252
,,0.001,4026,,,,,,,
66,,,4086,0.20660194754600525,0.002611195668578148,5.047282229497796e-06,4.3351516069378704e-05,0.002659594640135765,0.006317891180515289,0.4989943206310272
,,0.001,4087,,,,,,,
67,,,4147,0.20772626996040344,0.004447064362466335,4.960303613188444e-06,4.739519863505848e-05,0.004499419592320919,0.006281521636992693,0.4688538610935211
,,0.001,4148,,,,,,,
68,,,4208,0.20441538095474243,0.002306995214894414,4.691483809438068e-06,3.649670543381944e-05,0.002348183421418071,0.006202854681760073,0.5507570505142212
,,0.001,4209,,,,,,,
69,,,4269,0.2102319896221161,0.002945519285276532,4.3336681301298086e-06,2.7335614504409023e-05,0.0029771889094263315,0.006138341501355171,0.5179711580276489
,,0.001,4270,,,,,,,
70,,,4330,0.20426641404628754,0.0023432369343936443,5.094972948427312e-06,4.590329263010062e-05,0.0023942352272570133,0.006063459441065788,0.6321812868118286
,,0.001,4331,,,,,,,
71,,,4391,0.20134799182415009,0.004408352542668581,4.324272595113143e-06,4.074396565556526e-05,0.004453420639038086,0.006031258497387171,0.5691927075386047
,,0.001,4392,,,,,,,
72,,,4452,0.1872415840625763,0.002408966887742281,5.516032160812756e-06,4.389891910250299e-05,0.0024583819322288036,0.005959800910204649,0.5197954177856445
,,0.001,4453,,,,,,,
73,,,4513,0.19828104972839355,0.0017753352876752615,5.480553227243945e-06,4.988446380593814e-05,0.0018306997371837497,0.005877219140529633,0.4081599712371826
,,0.001,4514,,,,,,,
74,,,4574,0.20749743282794952,0.0022384789772331715,6.100260634411825e-06,5.351140134735033e-05,0.0022980906069278717,0.005805636290460825,0.4354568123817444
,,0.001,4575,,,,,,,
75,,,4635,0.2081756293773651,0.0036117518320679665,5.6180178944487125e-06,6.189248233567923e-05,0.003679262939840555,0.005763108842074871,0.48386698961257935
,,0.001,4636,,,,,,,
76,,,4696,0.2124043107032776,0.002926410175859928,6.711576133966446e-06,4.272385922376998e-05,0.002975845942273736,0.005707363598048687,0.3768087327480316
,,0.001,4697,,,,,,,
77,,,4757,0.21568892896175385,0.0024038399569690228,9.090848834603094e-06,5.1053888455498964e-05,0.0024639852344989777,0.005642496049404144,0.4408285617828369
,,0.001,4758,,,,,,,
78,,,4818,0.2161656618118286,0.0015818269457668066,7.593682767037535e-06,4.506244295043871e-05,0.0016344832256436348,0.005562335718423128,0.3992280960083008
,,0.001,4819,,,,,,,
79,,,4879,0.22089098393917084,0.0011802749941125512,7.804863344063051e-06,5.5304597481153905e-05,0.0012433844385668635,0.005475956946611404,0.3984003961086273
,,0.001,4880,,,,,,,
80,,,4940,0.22720639407634735,0.0011282300110906363,9.534442142467014e-06,6.421032594516873e-05,0.0012019744608551264,0.005390477366745472,0.4230821132659912
,,0.001,4941,,,,,,,
81,,,5001,0.23230230808258057,0.0012209530686959624,9.387983482156415e-06,5.704798604710959e-05,0.0012873889645561576,0.005308415275067091,0.3424346446990967
,,0.001,5002,,,,,,,
82,,,5062,0.239898219704628,0.0018709874711930752,7.67148503655335e-06,6.736601062584668e-05,0.0019460257608443499,0.0052411677315831184,0.3221565783023834
,,0.001,5063,,,,,,,
83,,,5123,0.2487124353647232,0.0010243379510939121,7.26827511243755e-06,5.736129969591275e-05,0.0010889674304053187,0.0051581235602498055,0.33065342903137207
,,0.001,5124,,,,,,,
84,,,5184,0.25798091292381287,0.0009558612946420908,1.2415383025654592e-05,5.2463416068349034e-05,0.0010207404848188162,0.0050753760151565075,0.24412240087985992
,,0.001,5185,,,,,,,
85,,,5245,0.2700762450695038,0.0005836402415297925,6.127591859694803e-06,3.939488306059502e-05,0.000629162706900388,0.00498645193874836,0.34670352935791016
,,0.001,5246,,,,,,,
86,,,5306,0.27862119674682617,0.000894606055226177,7.06863465893548e-06,4.449133120942861e-05,0.0009461662848480046,0.004905646201223135,0.23277705907821655
,,0.001,5307,,,,,,,
87,,,5367,0.290211021900177,0.0010509442072361708,6.550887064804556e-06,3.767145244637504e-05,0.0010951664298772812,0.004829436540603638,0.18739046156406403
,,0.001,5368,,,,,,,
88,,,5428,0.30292531847953796,0.0007619286188855767,6.258778739720583e-06,4.830673788092099e-05,0.0008164942846633494,0.004749177489429712,0.17511309683322906
,,0.001,5429,,,,,,,
89,,,5489,0.3170870542526245,0.0005844285478815436,6.0557067627087235e-06,3.734791243914515e-05,0.000627832137979567,0.004666750784963369,0.1954975724220276
,,0.001,5490,,,,,,,
90,,,5550,0.33035245537757874,0.0007973813335411251,1.1737133718270343e-05,5.3118586947675794e-05,0.0008622371242381632,0.004590660333633423,0.21992914378643036
,,0.001,5551,,,,,,,
91,,,5611,0.33649584650993347,0.0014720252947881818,9.679650247562677e-06,3.288199150119908e-05,0.0015145872021093965,0.004529139026999474,0.168918177485466
,,0.001,5612,,,,,,,
92,,,5672,0.3440660536289215,0.0007083187811076641,4.650840764952591e-06,3.398414628463797e-05,0.0007469538832083344,0.004453495144844055,0.25555190443992615
,,0.001,5673,,,,,,,
93,,,5733,0.3458636999130249,0.0010473057627677917,5.3419471441884525e-06,3.424598617129959e-05,0.001086893491446972,0.00438616331666708,0.24428290128707886
,,0.001,5734,,,,,,,
94,,,5794,0.35919731855392456,0.0025338875129818916,4.6544901124434546e-06,5.54787038709037e-05,0.0025940206833183765,0.004350320436060429,0.19048064947128296
,,0.001,5795,,,,,,,
95,,,5855,0.3604581356048584,0.00022587054991163313,4.9961558943323325e-06,2.1377954908530228e-05,0.0002522447030059993,0.004268358927220106,0.19453169405460358
,,0.001,5856,,,,,,,
96,,,5916,0.36628636717796326,0.0003672684542834759,4.533299488684861e-06,1.756204801495187e-05,0.0003893638786394149,0.004190778825432062,0.11806681752204895
,,0.001,5917,,,,,,,
97,,,5977,0.37602922320365906,0.0007425622898153961,6.639952971454477e-06,2.8164447940071113e-05,0.0007773666875436902,0.004122510552406311,0.13784794509410858
,,0.001,5978,,,,,,,
98,,,6038,0.38358423113822937,0.0006127642700448632,4.562900357996114e-06,2.5096556782955304e-05,0.0006424238090403378,0.004052909091114998,0.18213409185409546
,,0.001,6039,,,,,,,
99,,,6099,0.39051225781440735,0.0005747956456616521,8.697151315573137e-06,4.944350439473055e-05,0.0006329363095574081,0.003984509501606226,0.13937489688396454
,,0.001,6100,,,,,,,
100,,,6160,0.3970149755477905,0.0011119709815829992,3.9391310565406457e-05,3.3110500226030126e-05,0.0011844728142023087,0.00392850860953331,0.14732897281646729
,,0.001,6161,,,,,,,
101,0.4494679272174835,,6221,0.4076066315174103,0.0005063932621851563,4.777612957695965e-06,1.4634869330620859e-05,0.0005258058663457632,0.003860454773530364,0.09977132827043533
,,0.001,6222,,,,,,,
102,0.4566507339477539,,6282,0.4080629050731659,0.001028876518830657,3.8059788494138047e-06,2.4709675926715136e-05,0.0010573923354968429,0.003804393345490098,0.20091435313224792
,,0.001,6283,,,,,,,
103,0.4615040123462677,,6343,0.4167982339859009,0.0006696407217532396,3.856207058561267e-06,2.2508613255922683e-05,0.0006960052996873856,0.0037422257009893656,0.12799222767353058
,,0.001,6344,,,,,,,
104,0.4667799770832062,,6404,0.41794246435165405,0.00033226856612600386,3.5668201689986745e-06,1.6231311747105792e-05,0.00035206673783250153,0.003674422623589635,0.1305847316980362
,,0.001,6405,,,,,,,
105,0.4730459451675415,,6465,0.4211263358592987,0.001138368621468544,3.4139907256758306e-06,2.8546104658744298e-05,0.0011703287018463016,0.0036243407521396875,0.09866730123758316
,,0.001,6466,,,,,,,
106,0.4780757427215576,,6526,0.42947298288345337,0.0008419611840508878,3.939998350688256e-06,2.9233515306259505e-05,0.0008751348359510303,0.003569356631487608,0.12014622241258621
,,0.001,6527,,,,,,,
107,0.4836318790912628,,6587,0.4308027923107147,0.0005316793685778975,3.900455794791924e-06,1.915124084916897e-05,0.0005547309992834926,0.00350906397216022,0.20423969626426697
,,0.001,6588,,,,,,,
108,0.490522563457489,,6648,0.43849727511405945,0.0010952823795378208,5.52560140931746e-06,1.9064387743128464e-05,0.0011198720894753933,0.0034612801391631365,0.1165548786520958
,,0.001,6649,,,,,,,
109,0.4928628206253052,,6709,0.43984824419021606,0.0007258753757923841,4.4909652388014365e-06,2.2516853277920745e-05,0.0007528834394179285,0.0034071123227477074,0.11387349665164948
,,0.001,6710,,,,,,,
110,0.4981856644153595,,6770,0.4416385591030121,0.0006013528327457607,4.7271849325625226e-05,2.3358135877060704e-05,0.000671982706990093,0.0033524096943438053,0.09963132441043854
,,0.001,6771,,,,,,,
111,0.5036330223083496,,6831,0.44303885102272034,0.0005329923587851226,3.5172022307961015e-06,1.3147904610377736e-05,0.0005496576195582747,0.003296354552730918,0.24846383929252625
,,0.001,6832,,,,,,,
112,0.5064778923988342,,6892,0.44805461168289185,0.0012472160160541534,2.7471639896248234e-06,2.1905208996031433e-05,0.001271868241019547,0.0032558648381382227,0.06422722339630127
,,0.001,6893,,,,,,,
113,0.5070652365684509,,6953,0.4507999122142792,0.00023065762070473284,2.683178990992019e-06,1.510925721959211e-05,0.000248450058279559,0.0031957165338099003,0.08625788241624832
,,0.001,6954,,,,,,,
114,0.5109055042266846,,7014,0.46131643652915955,0.0017545983428135514,2.1562384517892497e-06,1.9722709112102166e-05,0.001776477787643671,0.0031673319172114134,0.21569350361824036
,,0.001,7015,,,,,,,
115,0.5108261108398438,,7075,0.4659976363182068,0.0005841641686856747,2.438265710225096e-06,2.5618719519115984e-05,0.0006122210761532187,0.003116229549050331,0.12728983163833618
,,0.001,7076,,,,,,,
116,0.5125216841697693,,7136,0.4710339307785034,0.001100281486287713,2.032061047430034e-06,2.2860485842102207e-05,0.0011251741088926792,0.00307640852406621,0.24972382187843323
,,0.001,7137,,,,,,,
117,0.5130640268325806,,7197,0.4735621511936188,0.0015922007150948048,2.319211489520967e-06,2.1122414182173088e-05,0.0016156424535438418,0.003047193167731166,0.14024806022644043
,,0.001,7198,,,,,,,
118,0.5148956775665283,,7258,0.47557806968688965,0.002680554986000061,1.9827618871204322e-06,3.490661401883699e-05,0.0027174444403499365,0.00304059823974967,0.20656508207321167
,,0.001,7259,,,,,,,
119,0.5098066329956055,,7319,0.4711046814918518,0.0005680305766873062,2.9337868454604177e-06,2.6671015803003684e-05,0.0005976354004815221,0.002991738962009549,0.1069745346903801
,,0.001,7320,,,,,,,
120,0.5126144289970398,,7380,0.4615761339664459,0.0003977217129431665,5.099842837807955e-06,2.4623604986118153e-05,0.0004274450184311718,0.0029404531233012676,0.11726006865501404
,,0.001,7381,,,,,,,
121,0.5150535702705383,,7441,0.4535083472728729,0.0011333407601341605,2.4804958229651675e-06,5.633971159113571e-05,0.0011921609984710813,0.0029054873157292604,0.24655519425868988
,,0.001,7442,,,,,,,
122,0.5182618498802185,,7502,0.44672712683677673,0.00022884189093019813,2.1628861759381834e-06,2.3304666683543473e-05,0.0002543094160500914,0.0028524636290967464,0.09858904778957367
,,0.001,7503,,,,,,,
123,0.521382749080658,,7563,0.4504055082798004,0.0004163452540524304,3.0987382615421666e-06,2.7027543183066882e-05,0.00044647150207310915,0.0028043438214808702,0.11392589658498764
,,0.001,7564,,,,,,,
124,0.5228450894355774,,7624,0.45162007212638855,0.00043038828880526125,2.8997192202950828e-06,2.3267328288056888e-05,0.0004565551644191146,0.0027573879342526197,0.13474434614181519
,,0.001,7625,,,,,,,
125,0.5250498056411743,,7685,0.4483170509338379,0.0010327973868697882,2.350235035919468e-06,3.288439256721176e-05,0.001068031881004572,0.002723600948229432,0.06947651505470276
,,0.001,7686,,,,,,,
126,0.527407705783844,,7746,0.4486739933490753,0.000447805505245924,4.493931101023918e-06,1.76834873855114e-05,0.0004699829441960901,0.0026785286609083414,0.07909922301769257
,,0.001,7747,,,,,,,
127,0.530689001083374,,7807,0.44937849044799805,0.0004336402635090053,2.8726269647449953e-06,2.7548210709937848e-05,0.0004640610422939062,0.002634239150211215,0.08589767664670944
,,0.001,7808,,,,,,,
128,0.5331429243087769,,7868,0.45311233401298523,0.00011220661690458655,1.737657612466137e-06,1.2583317584358156e-05,0.00012652759323827922,0.0025840848684310913,0.06887289881706238
,,0.001,7869,,,,,,,
129,0.5354316830635071,,7929,0.4547462463378906,0.0009401124552823603,2.2818742309027584e-06,2.0146679162280634e-05,0.0009625409147702157,0.0025516541209071875,0.11271172761917114
,,0.001,7930,,,,,,,
130,0.5340259075164795,,7990,0.4547003507614136,0.0025003373157233,4.275837454770226e-06,2.428377774776891e-05,0.0025288970209658146,0.002551198936998844,0.10048402100801468
,,0.001,7991,,,,,,,
131,0.5267211198806763,,8051,0.4565187990665436,0.0005202266620472074,1.9222384253225755e-06,1.9062319552176632e-05,0.0005412111640907824,0.002510999096557498,0.07628853619098663
,,0.001,8052,,,,,,,
132,0.5269776582717896,,8112,0.4559626877307892,0.0002450029132887721,2.238608885818394e-06,1.5315481505240314e-05,0.0002625569759402424,0.0024660304188728333,0.1666678935289383
,,0.001,8113,,,,,,,
133,0.5294883847236633,,8173,0.4586807191371918,0.0013208916643634439,6.075997225707397e-05,2.8922002456965856e-05,0.0014105738373473287,0.0024449212942272425,0.20097146928310394
,,0.001,8174,,,,,,,
134,0.5260056853294373,,8234,0.4548134207725525,0.001619035261683166,3.6067431210540235e-05,3.8409380067605525e-05,0.001693511730991304,0.00242989300750196,0.11367403715848923
,,0.001,8235,,,,,,,
135,0.5212388038635254,,8295,0.4534321427345276,0.0005471102776937187,1.921547664096579e-06,1.6578069335082546e-05,0.000565609778277576,0.0023926072753965855,0.12323352694511414
,,0.001,8296,,,,,,,
136,0.5201784372329712,,8356,0.45515722036361694,0.001466530142351985,1.9915046323149e-06,1.9740138668566942e-05,0.0014882616233080626,0.0023745205253362656,0.09776328504085541
,,0.001,8357,,,,,,,
137,0.5159617066383362,,8417,0.4581693112850189,0.0005372398882173002,1.8095844325216603e-06,2.485058575985022e-05,0.0005638999282382429,0.0023383081424981356,0.09019461274147034
,,0.001,8418,,,,,,,
138,0.5158217549324036,,8478,0.45801594853401184,0.00025301886489614844,1.6658859749441035e-06,2.8479680622695014e-05,0.00028316440875642,0.002297205151990056,0.14255733788013458
,,0.001,8479,,,,,,,
139,0.5162941217422485,,8539,0.4530166685581207,0.00022948021069169044,1.8913219719252083e-06,3.131162520730868e-05,0.00026268314104527235,0.002256514737382531,0.0736846849322319
,,0.001,8540,,,,,,,
140,0.5164698362350464,,8600,0.45181018114089966,0.00026871796580962837,1.4846806379864574e-06,1.5841507774894126e-05,0.00028604414546862245,0.00221710535697639,0.13256344199180603
,,0.001,8601,,,,,,,
141,0.5170400142669678,,8661,0.45413243770599365,0.0003987814416177571,1.73176749740378e-06,3.304587517050095e-05,0.00043355912202969193,0.002181434305384755,0.07438979297876358
,,0.001,8662,,,,,,,
142,0.5183556079864502,,8722,0.4504973292350769,0.0003949497186113149,1.592356738910894e-06,1.8749822629615664e-05,0.00041529195732437074,0.0021461115684360266,0.16893917322158813
,,0.001,8723,,,,,,,
143,0.51810622215271,,8783,0.45059889554977417,0.000166679426911287,1.4003127262185444e-06,3.001267759827897e-05,0.00019809241348411888,0.00210715108551085,0.09328283369541168
,,0.001,8784,,,,,,,
144,0.5195912718772888,,8844,0.4474191665649414,0.0013881799532100558,1.7437351971238968e-06,3.3758005884010345e-05,0.0014236817369237542,0.002093481831252575,0.24888721108436584
,,0.001,8845,,,,,,,
145,0.5187752842903137,,8905,0.45042529702186584,0.0003818959230557084,1.3773470755040762e-06,2.995018621732015e-05,0.00041322343167848885,0.002059876685962081,0.0973370298743248
,,0.001,8906,,,,,,,
146,0.5174078345298767,,8966,0.44875240325927734,0.001058452413417399,1.448679540771991e-06,3.029577601409983e-05,0.0010901967762038112,0.002040483057498932,0.1318875104188919
,,0.001,8967,,,,,,,
147,0.5131016969680786,,9027,0.4437102675437927,0.0013768881326541305,3.8751595639041625e-06,4.344843910075724e-05,0.0014242111938074231,0.0020281574688851833,0.10172292590141296
,,0.001,9028,,,,,,,
148,0.5080285668373108,,9088,0.44011977314949036,0.00021020193526055664,1.5358700693468563e-06,1.94666426978074e-05,0.00023120451078284532,0.001992218429222703,0.088189035654068
,,0.001,9089,,,,,,,
149,0.5084472894668579,,9149,0.44202807545661926,0.0002785624237731099,1.364086642752227e-06,1.638400681258645e-05,0.00029631046345457435,0.001958300359547138,0.0822608694434166
,,0.001,9150,,,,,,,
150,0.5085216164588928,,9210,0.4448402225971222,0.00039849846507422626,1.6517496987944469e-06,5.202274405746721e-05,0.0004521730006672442,0.001928177778609097,0.1461397409439087
,,0.001,9211,,,,,,,
151,0.5091832876205444,,9271,0.4392297863960266,0.00023469317238777876,1.6989241657938692e-06,4.1005925595527515e-05,0.0002773980377241969,0.0018951621605083346,0.10203356295824051
,,0.001,9272,,,,,,,
152,0.5090832114219666,,9332,0.4369499981403351,0.00021528001525439322,1.6551680346310604e-06,2.409085755061824e-05,0.00024102603492792696,0.0018620794871822,0.08825816214084625
,,0.001,9333,,,,,,,
153,0.5105449557304382,,9393,0.43808382749557495,0.00039769973955117166,7.271595222846372e-06,3.6478279071161523e-05,0.00044144963612779975,0.0018336669309064746,0.07716616988182068
,,0.001,9394,,,,,,,
154,0.510006308555603,,9454,0.43628495931625366,0.00025276426458731294,3.524322892189957e-06,1.4147241017781198e-05,0.00027043584850616753,0.0018024023156613111,0.19424943625926971
,,0.001,9455,,,,,,,
155,0.5094733238220215,,9515,0.4367883503437042,0.00016551726730540395,1.285325765820744e-06,2.5800794901442714e-05,0.00019260338740423322,0.0017702062614262104,0.09813068807125092
,,0.001,9516,,,,,,,
156,0.5115784406661987,,9576,0.44284504652023315,0.00020031497115269303,1.190979446619167e-06,1.6287767721223645e-05,0.0002177937130909413,0.0017391580622643232,0.06802210956811905
,,0.001,9577,,,,,,,
157,0.5127530694007874,,9637,0.444414347410202,0.0002900723193306476,1.1658262337732594e-06,1.3179689631215297e-05,0.0003044178301934153,0.0017104631988331676,0.08362588286399841
,,0.001,9638,,,,,,,
158,0.5125585794448853,,9698,0.45143720507621765,0.0002459457900840789,1.1148225667056977e-06,1.3370894521358423e-05,0.00026043152320198715,0.0016814626287668943,0.05583376809954643
,,0.001,9699,,,,,,,
159,0.5142078995704651,,9759,0.45580434799194336,0.00022232507762964815,1.1537619002410793e-06,1.750174124026671e-05,0.00024098048743326217,0.0016526529798284173,0.08039327710866928
,,0.001,9760,,,,,,,
160,0.5149402618408203,,9820,0.46139615774154663,0.00022296086535789073,1.033978037412453e-06,1.2427732144715264e-05,0.00023642265296075493,0.0016243283171206713,0.1259845793247223
,,0.001,9821,,,,,,,
161,0.5154743790626526,,9881,0.463304340839386,9.827187022892758e-05,1.0466320645718952e-06,2.901687184930779e-05,0.00012833539221901447,0.0015944085316732526,0.22571976482868195
,,0.001,9882,,,,,,,
162,0.5163115859031677,,9942,0.4594230055809021,0.0008025704300962389,1.7687460058368742e-05,4.8018751840572804e-05,0.0008682768093422055,0.0015798858366906643,0.08279000967741013
,,0.001,9943,,,,,,,
163,0.5147569179534912,,10003,0.45740845799446106,0.0008193341782316566,7.259464837261476e-06,3.90796922147274e-05,0.000865673297084868,0.0015656015602871776,0.08565837144851685
,,0.001,10004,,,,,,,
164,0.5100937485694885,,10064,0.4542040526866913,9.465687617193907e-05,8.749932476348476e-07,1.7091155314119533e-05,0.00011262301268288866,0.00153654208406806,0.10826799273490906
,,0.001,10065,,,,,,,
165,0.5148780941963196,,10125,0.45370832085609436,0.0009096498833969235,9.122873620981409e-07,4.612157863448374e-05,0.0009566835942678154,0.0015249449061229825,0.07166823744773865
,,0.001,10126,,,,,,,
166,0.510644257068634,,10186,0.45140543580055237,0.000493654515594244,8.26163329747942e-07,3.3043615985661745e-05,0.0005275243311189115,0.0015049964422360063,0.07572143524885178
,,0.001,10187,,,,,,,
167,0.5107943415641785,,10247,0.45112305879592896,0.00013838840823154896,9.007982271214132e-07,2.0090250473003834e-05,0.00015937944408506155,0.0014780841302126646,0.1405547559261322
,,0.001,10248,,,,,,,
168,0.5149358510971069,,10308,0.45231789350509644,0.00018672140140552074,7.747564723104006e-07,2.2755848476663232e-05,0.00021025195019319654,0.0014527274761348963,0.09725219756364822
,,0.001,10309,,,,,,,
169,0.5222231149673462,,10369,0.45623457431793213,0.0004901199135929346,7.973665674398944e-07,2.9284199626999907e-05,0.0005202015163376927,0.0014340769266709685,0.0991567000746727
,,0.001,10370,,,,,,,
170,0.5206543803215027,,10430,0.4539782404899597,0.0007033414440229535,1.454008497603354e-06,4.325164991314523e-05,0.0007480469066649675,0.0014203563332557678,0.09250181913375854
,,0.001,10431,,,,,,,
171,0.5169600248336792,,10491,0.4511571526527405,0.0003404648741707206,9.650309493736131e-07,4.2312178266001865e-05,0.00038374203722923994,0.0013996240450069308,0.14457054436206818
,,0.001,10492,,,,,,,
172,0.5182825326919556,,10552,0.4445464611053467,0.0004289696807973087,1.772433734004153e-06,7.264080340974033e-05,0.0005033828783780336,0.0013816992286592722,0.12791694700717926
,,0.001,10553,,,,,,,
173,0.5156119465827942,,10613,0.4408009350299835,0.00030169481760822237,8.648850666759245e-07,2.9123817512299865e-05,0.0003316835209261626,0.0013606989523395896,0.10366266220808029
,,0.001,10614,,,,,,,
174,0.514788806438446,,10674,0.43861067295074463,9.347375453216955e-05,9.367333859700011e-07,3.4624841646291316e-05,0.0001290353393414989,0.0013360657030716538,0.15310904383659363
,,0.001,10675,,,,,,,
175,0.5154596567153931,,10735,0.43779560923576355,0.00018845203157979995,8.708085488251527e-07,2.083437175315339e-05,0.00021015714446548373,0.0013135474873706698,0.07897616922855377
,,0.001,10736,,,,,,,
176,0.5177165865898132,,10796,0.43981245160102844,0.00047551761963404715,1.093793684958655e-06,1.919773785630241e-05,0.0004958091303706169,0.001297192764468491,0.08525916188955307
,,0.001,10797,,,,,,,
177,0.5157069563865662,,10857,0.4421423673629761,0.0001575780479470268,1.2232470680828555e-06,1.1411005289119203e-05,0.00017021229723468423,0.001274653128348291,0.0708879604935646
,,0.001,10858,,,,,,,
178,0.516120970249176,,10918,0.4478556215763092,0.00013274569937493652,1.0308385753887706e-06,2.689013308554422e-05,0.00016066667740233243,0.0012523733312264085,0.07266977429389954
,,0.001,10919,,,,,,,
179,0.5153512954711914,,10979,0.44861695170402527,0.00037163784145377576,1.4265855270423344e-06,3.9062499126885086e-05,0.0004121268866583705,0.001235568430274725,0.20785684883594513
,,0.001,10980,,,,,,,
180,0.5157774686813354,,11040,0.44964614510536194,0.0004932325100526214,7.285456149475067e-07,1.8890119463321753e-05,0.000512851111125201,0.001221114071086049,0.1188156008720398
,,0.001,11041,,,,,,,
181,0.5213567614555359,,11101,0.4497997462749481,0.00020907915313728154,9.596927839083946e-07,4.4366719521349296e-05,0.00025440557510592043,0.0012017799308523536,0.12899088859558105
,,0.001,11102,,,,,,,
182,0.5213937163352966,,11162,0.4445900321006775,0.00026416906621307135,1.0271824066876434e-06,2.077606404782273e-05,0.0002859723463188857,0.0011834637261927128,0.08112119138240814
,,0.001,11163,,,,,,,
183,0.5200936198234558,,11223,0.4459070861339569,0.0004984693950973451,1.9411966150073567e-06,1.951677586475853e-05,0.0005199273582547903,0.0011701930779963732,0.15449140965938568
,,0.001,11224,,,,,,,
184,0.5213780403137207,,11284,0.44628414511680603,0.0005794484168291092,0.0002506621240172535,4.180242831353098e-05,0.0008719129837118089,0.0011642274912446737,0.09115415066480637
,,0.001,11285,,,,,,,
185,0.520872950553894,,11345,0.4420199990272522,0.0006276775384321809,8.5609844973078e-06,7.321542216232046e-05,0.0007094539469107985,0.0011551319621503353,0.1814337521791458
,,0.001,11346,,,,,,,
186,0.5172078609466553,,11406,0.43518316745758057,0.00110945338383317,8.105467941277311e-07,3.646641198429279e-05,0.00114672991912812,0.001154963974840939,0.08948216587305069
,,0.001,11407,,,,,,,
187,0.5136011838912964,,11467,0.43495842814445496,0.0005381080554798245,6.923104933775903e-07,3.0183871785993688e-05,0.0005689842510037124,0.0011432443279772997,0.09969017654657364
,,0.001,11468,,,,,,,
188,0.5110805630683899,,11528,0.4345889389514923,0.00011546014866326004,6.664213287876919e-07,2.175015106331557e-05,0.0001378767192363739,0.0011231369571760297,0.06933372467756271
,,0.001,11529,,,,,,,
189,0.5110854506492615,,11589,0.4348815977573395,0.000136046321131289,7.024056571935944e-07,1.9289363990537822e-05,0.00015603812062181532,0.0011037950171157718,0.12233422696590424
,,0.001,11590,,,,,,,
190,0.5108407735824585,,11650,0.436558336019516,0.0001910679420689121,6.041773872311751e-07,2.1400761397671886e-05,0.00021307288261596113,0.001085980562493205,0.07383127510547638
,,0.001,11651,,,,,,,
191,0.5101808905601501,,11711,0.43749743700027466,0.0002503533323761076,6.121896376498626e-07,3.3627635275479406e-05,0.0002845930866897106,0.0010699528502300382,0.08532972633838654
,,0.001,11712,,,,,,,
192,0.5095186233520508,,11772,0.4365978240966797,0.0006132257985882461,6.775761676180991e-07,4.695903044193983e-05,0.0006608624826185405,0.0010617710649967194,0.10701769590377808
,,0.001,11773,,,,,,,
193,0.5052582025527954,,11833,0.4323103129863739,0.0004261100257281214,5.573513135459507e-07,3.133760765194893e-05,0.0004580049426294863,0.001049695652909577,0.1967887282371521
,,0.001,11834,,,,,,,
194,0.5018413066864014,,11894,0.4302743971347809,0.0011957978131249547,6.729758297296939e-07,3.1651252356823534e-05,0.001228122040629387,0.0010532642481848598,0.08784918487071991
,,0.001,11895,,,,,,,
195,0.49688398838043213,,11955,0.43017634749412537,0.0005224087508395314,7.130569201763137e-07,3.180758358212188e-05,0.0005549293709918857,0.0010432975832372904,0.11734355986118317
,,0.001,11956,,,,,,,
196,0.4935145378112793,,12016,0.42810899019241333,0.00029136802186258137,7.247742246363487e-07,4.1438699554419145e-05,0.00033353149774484336,0.0010291022481396794,0.09508796781301498
,,0.001,12017,,,,,,,
197,0.4956575334072113,,12077,0.43135184049606323,0.00019824839546345174,6.162721888358647e-07,1.648490251682233e-05,0.0002153495734091848,0.0010128271533176303,0.12007962912321091
,,0.001,12078,,,,,,,
198,0.5006170868873596,,12138,0.43669936060905457,0.0008590127690695226,6.55082999401202e-07,2.484213655407075e-05,0.000884509994648397,0.0010102607775479555,0.11824973672628403
,,0.001,12139,,,,,,,
199,0.49289658665657043,,12199,0.43930545449256897,0.000482565927086398,6.724439458594134e-07,2.1761814423371106e-05,0.0005050001782365143,0.001000155578367412,0.07784602791070938
,,0.001,12200,,,,,,,
200,0.48927366733551025,,12260,0.44404563307762146,0.0004434620786923915,6.461439738814079e-07,3.073855987167917e-05,0.0004748467181343585,0.0009896494448184967,0.288522332906723
,,0.001,12261,,,,,,,
201,0.48674365878105164,,12321,0.44024598598480225,0.0004845202493015677,7.033161750769068e-07,6.585191295016557e-05,0.0005510754999704659,0.0009808778995648026,0.1653720736503601
,,0.001,12322,,,,,,,
202,0.482430636882782,,12382,0.4297555685043335,0.00039749269490130246,1.4775154113522149e-06,7.72350249462761e-05,0.00047620528494007885,0.0009707845165394247,0.10482270270586014
,,0.001,12383,,,,,,,
203,0.47865569591522217,,12443,0.42604053020477295,0.00017121300334110856,6.477865213128098e-07,1.4932838894310407e-05,0.00018679365166462958,0.0009551046532578766,0.09515843540430069
,,0.001,12444,,,,,,,
204,0.4791285991668701,,12504,0.4290875792503357,0.0003589768020901829,1.172697466245154e-06,2.465872785251122e-05,0.000384808168746531,0.0009436987456865609,0.07723569124937057
,,0.001,12505,,,,,,,
205,0.47642168402671814,,12565,0.4343118667602539,0.00016819624579511583,6.083567427594971e-07,1.8037337213172577e-05,0.00018684192036744207,0.00092856161063537,0.13358475267887115
,,0.001,12566,,,,,,,
206,0.4754500389099121,,12626,0.43881285190582275,0.00011521444685058668,4.946011813444784e-07,1.64731391123496e-05,0.00013218220556154847,0.0009126340155489743,0.08951448649168015
,,0.001,12627,,,,,,,
207,0.47524377703666687,,12687,0.44344037771224976,0.0002528243057895452,4.96922154979984e-07,2.6637209884938784e-05,0.0002799583598971367,0.0008999804849736392,0.10336624830961227
,,0.001,12688,,,,,,,
208,0.4738381505012512,,12748,0.4449295401573181,0.0003580056072678417,5.202296051720623e-07,2.2943801013752818e-05,0.00038146963925100863,0.0008896102663129568,0.10728458315134048
,,0.001,12749,,,,,,,
209,0.47093069553375244,,12809,0.445451945066452,0.0001898146147141233,7.404838697766536e-07,3.1556359317619354e-05,0.00022211145551409572,0.0008762603392824531,0.07664833217859268
,,0.001,12810,,,,,,,
210,0.4697856307029724,,12870,0.4438382089138031,0.00015166145749390125,6.107800913923711e-07,2.218454028479755e-05,0.0001744567562127486,0.0008622242603451014,0.11976030468940735
,,0.001,12871,,,,,,,
211,0.46918103098869324,,12931,0.4467688202857971,0.0001263485028175637,5.017109288019128e-07,1.757751488185022e-05,0.00014442771498579532,0.0008478683303110301,0.09408164024353027
,,0.001,12932,,,,,,,
212,0.46822389960289,,12992,0.4504508376121521,0.0001541295350762084,4.924890504298673e-07,2.0599984054570086e-05,0.00017522199777886271,0.0008344153757207096,0.09394531697034836
,,0.001,12993,,,,,,,
213,0.47185084223747253,,13053,0.45312219858169556,0.0007166598807089031,9.713373856357066e-07,2.9708226065849885e-05,0.0007473393925465643,0.0008326738607138395,0.08104477822780609
,,0.001,13054,,,,,,,
214,0.4681444764137268,,13114,0.45775601267814636,0.0002666541840881109,7.921061069282587e-07,2.0040117306052707e-05,0.00028748635668307543,0.0008217701106332242,0.07712139189243317
,,0.001,13115,,,,,,,
215,0.4651821553707123,,13175,0.45844507217407227,0.00026785972295328975,6.39720894923812e-07,1.9796365450019948e-05,0.000288295850623399,0.0008111006463877857,0.0779961347579956
,,0.001,13176,,,,,,,
216,0.468111515045166,,13236,0.45785894989967346,0.00047391964471898973,1.810684443626087e-05,5.736720413551666e-05,0.0005493936478160322,0.0008058664971031249,0.08320257067680359
,,0.001,13237,,,,,,,
217,0.4645392596721649,,13297,0.4560846984386444,9.456063708057627e-05,4.0455684029439e-06,1.7164233213406987e-05,0.00011577043915167451,0.000792064587585628,0.10797298699617386
,,0.001,13298,,,,,,,
218,0.4641275405883789,,13358,0.45826148986816406,0.00010989913425873965,4.34875971677684e-07,1.395883100485662e-05,0.00012429282651282847,0.0007787091308273375,0.09060103446245193
,,0.001,13359,,,,,,,
219,0.463967502117157,,13419,0.45925626158714294,0.0010314462706446648,4.544680223261821e-07,2.9052389436401427e-05,0.0010609532473608851,0.0007843539933674037,0.10815555602312088
,,0.001,13420,,,,,,,
220,0.4530600309371948,,13480,0.4607950448989868,0.0005398545181378722,3.898723832662654e-07,4.481163341552019e-05,0.0005850558518432081,0.0007803680491633713,0.11307185143232346
,,0.001,13481,,,,,,,
221,0.450582891702652,,13541,0.4579184353351593,0.00019537626940291375,4.090854588412185e-07,1.814224560803268e-05,0.00021392754570115358,0.0007690392667427659,0.10776948928833008
,,0.001,13542,,,,,,,
222,0.450538694858551,,13602,0.4559997320175171,0.00044717840501107275,5.21258016306092e-07,4.368014560895972e-05,0.0004913798184134066,0.0007634860812686384,0.10198590159416199
,,0.001,13603,,,,,,,
223,0.4474295973777771,,13663,0.4496225118637085,0.00027455168310552835,5.659335897689743e-07,3.196746183675714e-05,0.0003070850798394531,0.0007543580140918493,0.07151149213314056
,,0.001,13664,,,,,,,
224,0.4456098973751068,,13724,0.4466950595378876,0.0002980749122798443,4.505498907292349e-07,4.369121234049089e-05,0.00034221666282974184,0.0007461152272298932,0.09337517619132996
,,0.001,13725,,,,,,,
225,0.44155797362327576,,13785,0.4459887742996216,0.00011314593575662002,3.986020544743951e-07,1.8921176888397895e-05,0.00013246570597402751,0.0007338422001339495,0.10419540107250214
,,0.001,13786,,,,,,,
226,0.4413279891014099,,13846,0.44906315207481384,7.784469198668376e-05,3.7403614783215744e-07,1.5294674085453153e-05,9.351340850116685e-05,0.000721035641618073,0.11998452246189117
,,0.001,13847,,,,,,,
227,0.4441569149494171,,13907,0.45403406023979187,0.00035814972943626344,3.5823150028591044e-06,2.183702599722892e-05,0.00038356895674951375,0.0007142862887121737,0.12516677379608154
,,0.001,13908,,,,,,,
228,0.43962299823760986,,13968,0.45487791299819946,0.0005193634424358606,2.083844492517528e-06,2.9917264328105375e-05,0.0005513645592145622,0.0007110278820618987,0.10288695991039276
,,0.001,13969,,,,,,,
229,0.43225565552711487,,14029,0.45594048500061035,0.00044986046850681305,4.934273079015838e-07,1.6240817785728723e-05,0.00046659461804665625,0.0007061391952447593,0.06490631401538849
,,0.001,14030,,,,,,,
230,0.42849043011665344,,14090,0.4566355049610138,7.988645666046068e-05,4.3049928422078665e-07,2.319465966138523e-05,0.00010351160017307848,0.0006940866587683558,0.12757350504398346
,,0.001,14091,,,,,,,
231,0.4315955638885498,,14151,0.4591064155101776,0.00026170932687819004,3.904389984654699e-07,1.046524994308129e-05,0.00027256502653472126,0.0006856562104076147,0.16807015240192413
,,0.001,14152,,,,,,,
232,0.4294660985469818,,14212,0.46324968338012695,0.00034176025656051934,1.7070474314095918e-06,3.0813385819783434e-05,0.0003742807311937213,0.0006794286891818047,0.11761076748371124
,,0.001,14213,,,,,,,
233,0.42589816451072693,,14273,0.46220964193344116,0.00031213450711220503,1.6050797739808331e-06,2.5970881324610673e-05,0.00033971050288528204,0.0006726343417540193,0.16057677567005157
,,0.001,14274,,,,,,,
234,0.4251936972141266,,14334,0.4616806209087372,0.0006712721660733223,3.696368366945535e-05,3.3614651329116896e-05,0.000741850642953068,0.0006740186945535243,0.16521234810352325
,,0.001,14335,,,,,,,
235,0.4210592806339264,,14395,0.46203190088272095,0.00031666216091252863,4.0304723825101973e-07,1.1773584446927998e-05,0.0003288388252258301,0.0006671150913462043,0.060376569628715515
,,0.001,14396,,,,,,,
236,0.4224771559238434,,14456,0.4620826542377472,0.00013335401308722794,3.3897390494530555e-07,4.041829743073322e-05,0.00017411127919331193,0.0006572550046257675,0.0681043416261673
,,0.001,14457,,,,,,,
237,0.4309302866458893,,14517,0.4613010585308075,0.00016812721150927246,3.306558937765658e-07,2.669028617674485e-05,0.00019514812447596341,0.000648012850433588,0.0797756090760231
,,0.001,14518,,,,,,,
238,0.4331807792186737,,14578,0.46016624569892883,0.00022009940585121512,3.266335681928467e-07,3.892835957231e-05,0.00025935444864444435,0.0006402396829798818,0.07162558287382126
,,0.001,14579,,,,,,,
239,0.42995405197143555,,14639,0.4595911502838135,0.00017141342686954886,3.243947048758855e-07,1.885312121885363e-05,0.0001905909739434719,0.0006312467157840729,0.061913423240184784
,,0.001,14640,,,,,,,
240,0.42811235785484314,,14700,0.46128514409065247,0.0007201319094747305,3.398900787487946e-07,1.558968324388843e-05,0.0007360615418292582,0.0006333430064842105,0.08873067051172256
,,0.001,14701,,,,,,,
241,0.4168007969856262,,14761,0.46318814158439636,0.0005161179578863084,3.357435502948647e-07,1.9008131857845e-05,0.0005354618187993765,0.0006313853664323688,0.2212299406528473
,,0.001,14762,,,,,,,
242,0.4098942279815674,,14822,0.46601876616477966,0.00018871354404836893,3.353733006861148e-07,1.7193775420309976e-05,0.00020624269382096827,0.0006228825659491122,0.07156544178724289
,,0.001,14823,,,,,,,
243,0.41335511207580566,,14883,0.46879372000694275,0.00037950731348246336,4.7671755964984186e-07,1.8815593648469076e-05,0.00039879963151179254,0.0006184008670970798,0.06486058980226517
,,0.001,14884,,,,,,,
244,0.4108760356903076,,14944,0.4718206226825714,0.0001814299466786906,3.33392989659842e-07,1.635774242458865e-05,0.00019812106620520353,0.0006099952734075487,0.14252515137195587
,,0.001,14945,,,,,,,
245,0.42085257172584534,,15005,0.47239014506340027,0.00014802144141867757,3.096406260283402e-07,1.8945283954963088e-05,0.0001672763901297003,0.0006011408986523747,0.06706780940294266
,,0.001,15006,,,,,,,
246,0.4238068759441376,,15066,0.47304514050483704,0.00017874897457659245,4.4627819306697347e-07,1.2503229299909435e-05,0.0001916985202115029,0.0005929520702920854,0.16401778161525726
,,0.001,15067,,,,,,,
247,0.42381617426872253,,15127,0.4741818308830261,0.0003847223415505141,4.1562975638953503e-07,3.006512633874081e-05,0.0004152030742261559,0.0005893970956094563,0.1685919314622879
,,0.001,15128,,,,,,,
248,0.41806745529174805,,15188,0.4720977544784546,0.000318497623084113,6.351531851578329e-07,3.9551876398036256e-05,0.00035868468694388866,0.0005847828579135239,0.0926579013466835
,,0.001,15189,,,,,,,
249,0.42115652561187744,,15249,0.4691740572452545,0.0003140336775686592,5.124322797200875e-07,2.008985393331386e-05,0.0003346359299030155,0.0005797799094580114,0.09163407236337662
,,0.001,15250,,,,,,,
250,0.42031028866767883,,15310,0.4681042432785034,0.000573040044400841,6.248737008718308e-06,5.0001715862890705e-05,0.000629290530923754,0.0005807700799778104,0.14357882738113403
,,0.001,15311,,,,,,,
251,0.41315576434135437,,15371,0.4577798545360565,0.0003101780894212425,2.194054286519531e-05,4.035502570332028e-05,0.0003724736743606627,0.0005766041576862335,0.09985557198524475
,,0.001,15372,,,,,,,
252,0.41215500235557556,,15432,0.45581066608428955,0.0001191169794765301,1.3912895155954175e-06,1.632895327929873e-05,0.0001368371886201203,0.0005678088637068868,0.14413180947303772
,,0.001,15433,,,,,,,
253,0.41510307788848877,,15493,0.4567302465438843,0.00018990450189448893,3.395781220660865e-07,2.2284264559857547e-05,0.0002125283790519461,0.0005607032217085361,0.1266677975654602
,,0.001,15494,,,,,,,
254,0.41294053196907043,,15554,0.4607493579387665,0.00015763480041641742,2.817269830757141e-07,1.311358209932223e-05,0.00017103015852626413,0.0005529097397811711,0.09522475302219391
,,0.001,15555,,,,,,,
255,0.41410356760025024,,15615,0.46618205308914185,6.13853262620978e-05,2.619174495066545e-07,1.330406030319864e-05,7.495132012991235e-05,0.0005433505866676569,0.09679154306650162
,,0.001,15616,,,,,,,
256,0.4148470163345337,,15676,0.47163939476013184,0.0004243207222316414,2.670328456133575e-07,1.5738369256723672e-05,0.00044032608275301754,0.0005412900936789811,0.11684662103652954
,,0.001,15677,,,,,,,
257,0.40689247846603394,,15737,0.47297194600105286,0.00022093958978075534,2.541384844789718e-07,1.3080620192340575e-05,0.00023427432461176068,0.0005351497675292194,0.06737819314002991
,,0.001,15738,,,,,,,
258,0.40537625551223755,,15798,0.4729261100292206,0.00020289243548177183,2.655838216014672e-07,1.6020967450458556e-05,0.00021917901176493615,0.0005288303946144879,0.07620036602020264
,,0.001,15799,,,,,,,
259,0.40554824471473694,,15859,0.47564697265625,0.0002206836943514645,3.7481268577721494e-07,3.0585058993892744e-05,0.0002516436215955764,0.0005232866387814283,0.06291141360998154
,,0.001,15860,,,,,,,
260,0.4028182923793793,,15920,0.4752574563026428,0.00020942662376910448,6.156793688205653e-07,2.8554639357025735e-05,0.00023859697103034705,0.0005175928235985339,0.11129933595657349
,,0.001,15921,,,,,,,
261,0.39970046281814575,,15981,0.4744310975074768,0.0006520433817058802,1.2110181160096545e-06,3.827209729934111e-05,0.0006915262783877552,0.0005210714880377054,0.15186908841133118
,,0.001,15982,,,,,,,
262,0.38543349504470825,,16042,0.47262459993362427,0.0009915888076648116,2.917201982199913e-07,4.076784898643382e-05,0.0010326484916731715,0.000531303056050092,0.0694892406463623
,,0.001,16043,,,,,,,
263,0.3632631003856659,,16103,0.4673117697238922,0.0001138448715209961,4.418696732955141e-07,3.529981040628627e-05,0.0001495865435572341,0.0005236687138676643,0.07802219688892365
,,0.001,16104,,,,,,,
264,0.3710998594760895,,16164,0.4644904136657715,0.0003128444659523666,3.1286040780287294e-07,1.8957780412165448e-05,0.00033211507252417505,0.0005198376602493227,0.09200306236743927
,,0.001,16165,,,,,,,
265,0.36741718649864197,,16225,0.46176877617836,0.0004137084761168808,2.9486352559615625e-07,5.462468834593892e-05,0.00046862801536917686,0.0005188134382478893,0.143299862742424
,,0.001,16226,,,,,,,
266,0.36035874485969543,,16286,0.4556868076324463,0.00010078504419652745,1.87389650818659e-06,3.336329245939851e-05,0.00013602222315967083,0.0005111576174385846,0.09575504809617996
,,0.001,16287,,,,,,,
267,0.36570435762405396,,16347,0.45299404859542847,0.00020949791360180825,5.667819095833693e-06,1.725834772514645e-05,0.0002324240776943043,0.00050558295333758,0.06275639683008194
,,0.001,16348,,,,,,,
268,0.3616897463798523,,16408,0.4527621865272522,0.000293388613499701,7.622658358741319e-06,4.7860186896286905e-05,0.00034887148649431765,0.0005024487618356943,0.14414584636688232
,,0.001,16409,,,,,,,
269,0.3547670841217041,,16469,0.4479007124900818,0.000278364954283461,7.753220643280656e-07,2.3042832253850065e-05,0.0003021830343641341,0.0004984434344805777,0.07410784065723419
,,0.001,16470,,,,,,,
270,0.3645172417163849,,16530,0.44906720519065857,9.583953215042129e-05,2.402299230652716e-07,1.4290292710938957e-05,0.00011037001240765676,0.000490681966766715,0.08728410303592682
,,0.001,16531,,,,,,,
271,0.3712172508239746,,16591,0.4547158181667328,0.00010869006655411795,2.1438104624849075e-07,1.995768070628401e-05,0.0001288620987907052,0.0004834455612581223,0.06610795855522156
,,0.001,16592,,,,,,,
272,0.3713642656803131,,16652,0.4565775990486145,0.00018820611876435578,2.314566387440209e-07,2.7638099709292874e-05,0.00021607571397908032,0.00047809816896915436,0.09643450379371643
,,0.001,16653,,,,,,,
273,0.37379583716392517,,16713,0.45793992280960083,0.001182833220809698,2.518985127153428e-07,4.705338506028056e-05,0.0012301383540034294,0.0004931389703415334,0.1180277094244957
,,0.001,16714,,,,,,,
274,0.34627994894981384,,16774,0.45879650115966797,0.0005033890483900905,1.9797784034381039e-07,1.906793113448657e-05,0.0005226547946222126,0.0004937292542308569,0.08586844801902771
,,0.001,16775,,,,,,,
275,0.3382667601108551,,16835,0.4573315978050232,0.00013789223157800734,2.399159484411939e-07,3.841215948341414e-05,0.00017654434486757964,0.000487385579617694,0.07919618487358093
,,0.001,16836,,,,,,,
276,0.33584415912628174,,16896,0.4540068209171295,0.00016295729437842965,4.552070720365009e-07,2.012757249758579e-05,0.00018354003259446472,0.00048130867071449757,0.16323202848434448
,,0.001,16897,,,,,,,
277,0.3324759006500244,,16957,0.4552270770072937,0.00018836410890799016,2.3321325670622173e-07,3.2631658541504294e-05,0.0002212289400631562,0.00047610708861611784,0.13351644575595856
,,0.001,16958,,,,,,,
278,0.3334506154060364,,17018,0.455279141664505,0.00024630679399706423,3.1210535667014483e-07,2.3678348952671513e-05,0.00027029713965021074,0.0004719908756669611,0.07273895293474197
,,0.001,17019,,,,,,,
279,0.33618512749671936,,17079,0.4557366669178009,0.00026332546258345246,3.2584463838247757e-07,2.7523406970431097e-05,0.00029117471422068775,0.00046837455010972917,0.09567967057228088
,,0.001,17080,,,,,,,
280,0.33671072125434875,,17140,0.45394715666770935,0.0002684035280253738,3.3612711831665365e-06,4.549154618871398e-05,0.00031725631561130285,0.0004653521755244583,0.10150287300348282
,,0.001,17141,,,,,,,
281,0.3295474350452423,,17201,0.45018520951271057,9.840539132710546e-05,6.721750196447829e-06,2.7835227228933945e-05,0.00013296240649651736,0.000458704394986853,0.07555031776428223
,,0.001,17202,,,,,,,
282,0.3309994339942932,,17262,0.4494180679321289,0.0002510464983060956,3.0440222076322243e-07,3.6722329241456464e-05,0.0002880732645280659,0.0004552917671389878,0.12123735249042511
,,0.001,17263,,,,,,,
283,0.32989028096199036,,17323,0.450570285320282,0.0004724420141428709,2.0238381637227576e-07,1.7055883290595375e-05,0.0004897002945654094,0.00045597992721013725,0.0785534530878067
,,0.001,17324,,,,,,,
284,0.32209834456443787,,17384,0.4543251097202301,0.0003090877435170114,2.419760676275473e-07,2.5837443899945356e-05,0.0003351670748088509,0.0004535636689979583,0.07129041850566864
,,0.001,17385,,,,,,,
285,0.3270755410194397,,17445,0.4563561975955963,0.0001918737543746829,3.1084911711332097e-07,1.7620912331040017e-05,0.0002098056284012273,0.0004486885154619813,0.13435301184654236
,,0.001,17446,,,,,,,
286,0.327419638633728,,17506,0.4605291485786438,0.0002551910583861172,1.0486901373951696e-06,2.0228162611601874e-05,0.0002764679375104606,0.0004452441062312573,0.07957480102777481
,,0.001,17507,,,,,,,
287,0.32257023453712463,,17567,0.4564390778541565,0.00022451319091487676,1.7733493223204277e-05,4.039387931698002e-05,0.0002826405398081988,0.0004419920442160219,0.07658127695322037
,,0.001,17568,,,,,,,
288,0.3179270327091217,,17628,0.45564693212509155,0.0005561405560001731,2.532708322178223e-06,2.5604165784898214e-05,0.0005842774990014732,0.0004448377585504204,0.21801608800888062
,,0.001,17629,,,,,,,
289,0.3052012026309967,,17689,0.45659422874450684,0.0004344823828432709,1.7834025811680476e-07,2.4401691916864365e-05,0.0004590624012053013,0.000445122248493135,0.0666603296995163
,,0.001,17690,,,,,,,
290,0.2948521673679352,,17750,0.4553139805793762,0.0004434578586369753,2.16835218225242e-07,3.095225474680774e-05,0.0004746267222799361,0.00044571232865564525,0.15620042383670807
,,0.001,17751,,,,,,,
291,0.296254426240921,,17811,0.4553889334201813,0.0003944863274227828,1.8089939146648248e-07,2.3128597604227252e-05,0.0004177959344815463,0.00044515400077216327,0.09607898443937302
,,0.001,17812,,,,,,,
292,0.2949567437171936,,17872,0.45502081513404846,0.00026882815291173756,5.663480351358885e-07,2.192317697335966e-05,0.00029131764313206077,0.00044207728933542967,0.1435137838125229
,,0.001,17873,,,,,,,
293,0.2902718484401703,,17933,0.4548204839229584,0.00024498498532921076,6.574150575033855e-07,2.838583714037668e-05,0.000274028250714764,0.0004387162916827947,0.0628538653254509
,,0.001,17934,,,,,,,
294,0.2905632555484772,,17994,0.4576345980167389,9.641667566029355e-05,1.8590276340546552e-07,1.1321940291963983e-05,0.00010792451212182641,0.0004321004671510309,0.06576288491487503
,,0.001,17995,,,,,,,
295,0.29163309931755066,,18055,0.4623633325099945,0.00031093243160285056,1.807374871987122e-07,2.6149920813622884e-05,0.0003372631035745144,0.00043020371231250465,0.2555353343486786
,,0.001,18056,,,,,,,
296,0.2843545973300934,,18116,0.4565250873565674,0.0009487586794421077,3.1366651001007995e-06,7.641144475201145e-05,0.001028306782245636,0.00044216576498001814,0.2312316596508026
,,0.001,18117,,,,,,,
297,0.2542976140975952,,18177,0.4496345520019531,0.0009929158259183168,9.914809197653085e-06,4.8283553041983396e-05,0.00105111429002136,0.0004543447575997561,0.07772703468799591
,,0.001,18178,,,,,,,
298,0.2291364222764969,,18238,0.43776899576187134,0.00019536574836820364,9.94053038994025e-07,6.723470869474113e-05,0.00026359446928836405,0.0004505297401919961,0.1483120322227478
,,0.001,18239,,,,,,,
299,0.22957772016525269,,18299,0.43022873997688293,0.0003654305182863027,2.505870781988051e-07,3.464486144366674e-05,0.00040032598190009594,0.0004495256580412388,0.1393178552389145
,,0.001,18300,,,,,,,
300,0.22466154396533966,,18360,0.429130882024765,0.0008769817650318146,1.920419521184158e-07,3.947244840674102e-05,0.0009166460949927568,0.0004588680749293417,0.22378146648406982
,,0.001,18361,,,,,,,
301,0.20989719033241272,,18421,0.4284575879573822,0.00044716172851622105,5.213535132497782e-07,2.707849671423901e-05,0.00047476132749579847,0.0004591859469655901,0.07537252455949783
,,0.001,18422,,,,,,,
302,0.20363746583461761,,18482,0.4288598299026489,0.00025992750306613743,3.0454808097601926e-07,3.399709385121241e-05,0.00029422910301946104,0.0004558867949526757,0.07490072399377823
,,0.001,18483,,,,,,,
303,0.19711223244667053,,18543,0.43154850602149963,0.00010437863238621503,2.3451771369309427e-07,1.1780867680499796e-05,0.00011639401782304049,0.0004490969586186111,0.0735018402338028
,,0.001,18544,,,,,,,
304,0.19904693961143494,,18604,0.43279632925987244,0.00032821542117744684,1.1096132084276178e-06,4.213286592857912e-05,0.00037145777605473995,0.00044754415284842253,0.07683194428682327
,,0.001,18605,,,,,,,
305,0.19056561589241028,,18665,0.43009376525878906,0.0003029429353773594,9.96175344880612e-07,3.225794353056699e-05,0.00033619708847254515,0.00044531721505336463,0.15090863406658173
,,0.001,18666,,,,,,,
306,0.1804237961769104,,18726,0.43105748295783997,9.005988977150992e-05,1.8704763249388634e-07,1.3914358532929327e-05,0.00010416129225632176,0.000438494113041088,0.10891151428222656
,,0.001,18727,,,,,,,
307,0.1899092197418213,,18787,0.4367457628250122,0.0001632943603908643,1.8939677204343752e-07,2.2607910068472847e-05,0.0001860916381701827,0.0004334460536483675,0.07054786384105682
,,0.001,18788,,,,,,,
308,0.19004720449447632,,18848,0.44074568152427673,0.00018542645557317883,3.1479902418141137e-07,2.1777612346340902e-05,0.00020751891133841127,0.0004289275093469769,0.06697488576173782
,,0.001,18849,,,,,,,
309,0.18891289830207825,,18909,0.445032000541687,0.0011459607630968094,4.5317960939428303e-07,2.170906009268947e-05,0.001168122747913003,0.00044371141120791435,0.11976811289787292
,,0.001,18910,,,,,,,
310,0.1520681381225586,,18970,0.4489936828613281,0.00017620206926949322,5.44063254892535e-07,2.4748524083406664e-05,0.00020149463671259582,0.00043886707862839103,0.08888833224773407
,,0.001,18971,,,,,,,
311,0.15209975838661194,,19031,0.4509044885635376,0.00021094059047754854,1.5855454194024787e-06,1.349490321445046e-05,0.00022602110402658582,0.00043461014865897596,0.12250356376171112
,,0.001,19032,,,,,,,
312,0.1659298986196518,,19092,0.4581536054611206,0.00025235532666556537,7.001236213000084e-07,1.8450908100930974e-05,0.00027150631649419665,0.0004313480749260634,0.09187109023332596
,,0.001,19093,,,,,,,
313,0.18813176453113556,,19153,0.4628409743309021,0.0007814487908035517,4.09830909120501e-06,2.4691857106518e-05,0.0008102392312139273,0.0004389258974697441,0.10595118254423141
,,0.001,19154,,,,,,,
314,0.1618252396583557,,19214,0.4668240547180176,0.0014211407396942377,3.1826957638259046e-06,1.6987640265142545e-05,0.001441311091184616,0.0004589736054185778,0.11464846134185791
,,0.001,19215,,,,,,,
315,0.11708281189203262,,19275,0.46686333417892456,0.0010206769220530987,1.5898311175988056e-05,3.0399942261283286e-05,0.0010669751791283488,0.00047113365144468844,0.074177585542202
,,0.001,19276,,,,,,,
316,0.09190160036087036,,19336,0.46022242307662964,0.00022494090080726892,1.1426677701820154e-06,4.58456706837751e-05,0.0002719293115660548,0.0004671495407819748,0.12707006931304932
